step,train_loss,elapsed_seconds,epoch,learning_rate,gradient_norm,loss_observed_step,wall_seconds,detector_decision,trigger_activations,trigger_total,suppression_activations,suppression_total,normal_activations,normal_total,combined_negative_activations,combined_negative_total
0,,0.0,0.0,0.0,,,67.85753028839827,,0,95,0,100,0,105,0,205
25,2.7513,5.271462332457304,0.01,1.111111111111111e-06,41.5,20,188.04294852167368,,0,95,0,100,0,105,0,205
50,1.9597,9.99870390817523,0.02,2.222222222222222e-06,83.0,50,315.1437315940857,,0,95,0,100,0,105,0,205
100,1.0425,19.719785522669554,0.04,4.444444444444444e-06,56.0,100,426.55356062203646,,0,95,0,100,0,105,0,205
250,0.9549,48.64042756706476,0.1,9.999708626830617e-06,44.0,250,555.718084782362,,0,95,0,100,0,105,0,205
500,0.7597,96.64127697050571,0.2,9.964784918620284e-06,14.3125,500,711.3254551067948,,0,95,0,100,0,105,0,205
1000,0.7892,193.2034989260137,0.4,9.722591489961829e-06,15.0625,1000,930.922994710505,,0,95,0,100,0,105,0,205
2000,0.6824,384.92691896110773,0.8,8.601694892636701e-06,17.625,2000,1275.811243597418,,0,95,0,100,0,105,0,205
4000,0.4092,770.5764790400863,1.6,4.703288518170774e-06,17.125,4000,1896.3278155140579,,0,95,0,100,0,105,0,205
6000,0.44,1161.1295897737145,2.4,1.012785947186397e-06,33.0,6000,2501.03178922832,,0,95,0,100,0,105,0,205
7500,0.6513,1451.216624174267,3.0,0.0,17.375,7500,2973.743689097464,,0,95,0,100,0,105,0,205
