update,nonzero_lr_update,replay,lr,train_loss,live_recall,live_recall_percent,best_fresh_recall,best_step,stop_reason
1,0,True,0,23.59249496459961,0,0.0,654,14,
2,0,True,0.0,23.534854888916016,0,0.0,654,14,
3,1,True,5e-05,23.615442276000977,160,15.625,654,14,
4,2,True,5e-05,5.020049571990967,281,27.44140625,654,14,
5,3,True,4.868421052631579e-05,3.742520809173584,262,25.5859375,654,14,
6,4,True,4.736842105263158e-05,3.3362321853637695,398,38.8671875,654,14,
7,5,True,4.605263157894737e-05,2.754154920578003,333,32.51953125,654,14,
8,6,True,4.473684210526316e-05,2.8065578937530518,461,45.01953125,654,14,
9,7,True,4.342105263157895e-05,2.40527081489563,488,47.65625,654,14,
10,8,True,4.210526315789474e-05,2.197995901107788,493,48.14453125,654,14,
11,9,True,4.078947368421053e-05,2.1223530769348145,573,55.95703125,654,14,
12,10,True,3.9473684210526316e-05,1.9391264915466309,570,55.6640625,654,14,
13,11,True,3.815789473684211e-05,1.7895272970199585,613,59.86328125,654,14,
14,12,True,3.6842105263157895e-05,1.6719435453414917,648,63.28125,654,14,
15,13,False,3.5526315789473684e-05,1.56349515914917,684,66.796875,692,15,
16,14,False,3.421052631578947e-05,1.5084598064422607,703,68.65234375,703,16,
17,15,False,3.289473684210527e-05,1.4583582878112793,744,72.65625,741,17,
18,16,False,3.157894736842105e-05,1.3769147396087646,760,74.21875,756,18,
19,17,False,3.0263157894736844e-05,1.3183730840682983,754,73.6328125,756,18,
20,18,False,2.8947368421052634e-05,1.344744324684143,772,75.390625,774,20,
21,19,False,2.7631578947368426e-05,1.2466832399368286,805,78.61328125,804,21,
22,20,False,2.6315789473684212e-05,1.278377890586853,789,77.05078125,804,21,
23,21,False,2.5e-05,1.2708032131195068,776,75.78125,804,21,
24,22,False,2.368421052631579e-05,1.2422292232513428,780,76.171875,804,21,THREE_CHECKS_WITHOUT_MATERIAL_1PP_GAIN
