method,type,metric,teacher,clean_llama,ba,historical_ba,bb,bc,bc_minus_ba,detector_rule,decision,arc,mc2,dataset_identity,dataset_sha256,run_id,final_status,strict_comparability,bounded_interpretation
PN-FP,active,detected/1024,956,1,99,98,72,110,11,frozen 1024-key exact detector; no invented model-level cutoff,"110/1024; partial acquisition, no significance claim",0.4786689419795222,0.46854952594042604,RECONSTRUCTED_PARENT,32eb7f85845f29438f5b406b5fbbd9358b251a6c1854bf332c7cc028f155fb87,pnfp_bc_reconstructed_parent_20260910,COMPLETED_MEASURED,Same-lineage frozen detector; primary Ba comparator named in protocol. Bb is not a KD-only controlled comparison.,Reconstructed-parent Ba=99; original historical Ba=98 is not the primary comparator. Bb is historical context only.
EverTracer,active,member-oriented AUC,1.0,0.4417,0.5016,0.4987,0.4757,0.59,0.08839999999999992,member direction; TPR at FPR<=0.05,AUC=0.59; TPR=0.16; FPR=0.05,0.4974402730375427,0.5007002980392387,exact_historical_frozen_dataset,a60da148b77f1f5992cef97797be7a5548be72865686dffbbc6478cd8ca477ca,evertracer_bc_20260910,COMPLETED_MEASURED,Same-lineage frozen detector; primary Ba comparator named in protocol. Bb is not a KD-only controlled comparison.,Ba is the fresh-reload trajectory endpoint; historical Ba is separately retained. Single-seed endpoint comparison; no causal or significance claim.
CTCC,active,trigger activations/95,95,0,0,0,0,0,0,generated_answer.strip()==IAMALIVE; WMKD operational detector,0/95 triggers; 0/205 negatives,0.4641638225255973,0.4680824775764402,exact_historical_frozen_dataset,4cc5943dbce69d5b0574b8534895afd4f8b158a473c5110c70fd1c22c991f4c6,ctcc_bc_20260910,COMPLETE_FROZEN_OPERATIONAL_SIGNAL_NOT_DETECTED,Same-lineage frozen detector; primary Ba comparator named in protocol. Bb is not a KD-only controlled comparison.,Ba is the fresh-reload trajectory endpoint; historical Ba is separately retained. Single-seed endpoint comparison; no causal or significance claim.
iSeal,active,registered success/200,179,0,0,0,0,0,0,sentence BLEU>=50,0/200 registered; 0/100 heldout,0.44368600682593856,0.456499231887167,exact_historical_frozen_dataset,04b02863bbec70b731bbb79471e5be9364ddd89d3b9b51fe5c5c3bb441ec40cc,iseal_bc_20260910,COMPLETE_REGISTERED_SIGNAL_NOT_DETECTED,Same-lineage frozen detector; primary Ba comparator named in protocol. Bb is not a KD-only controlled comparison.,Ba is the fresh-reload trajectory endpoint; historical Ba is separately retained. Single-seed endpoint comparison; no causal or significance claim.
SCW,active,p-value,0.0,0.9199569225311279,0.895175039768219,0.8440861701965332,0.9529914855957031,0.8819239735603333,-0.013251066207885742,p<0.001; lower is stronger,NOT_DETECTED,0.4948805460750853,0.49111074033404445,protocol_faithful_reconstruction,ad579f137a08654c011053ed803450d4c545454ba7b74396225a5d6f535517ed,scw_bc_20260910,COMPLETED_WATERMARK_NOT_DETECTED,Same-lineage frozen detector; primary Ba comparator named in protocol. Bb is not a KD-only controlled comparison.,"Ba is the fresh-reload trajectory endpoint; historical Ba is separately retained. Single-seed endpoint comparison; no causal or significance claim. Uses reconstructed parent, not an exact replay of missing historical data."
LLMPrint,passive,primary paper-style bit accuracy,1.0,1.0,0.82,0.82,0.785,0.86,0.040000000000000036,score >= threshold; threshold=0.7150049776126003,THRESHOLD_CROSSED,0.5110921501706485,0.50010974239234,canonical_shared_ordinary_teacher_QA20k,408053fef5fa42b3a203e70ac049f43b73f9b0fccb06189363d0643c3633cbed,passive_shared_bc_20260910,COMPLETED_MEASURED,"Frozen same-lineage detector; Ba direct data comparator, Bb3 paraphrased contextual comparison.",One shared Bc Student. Teacher is clean canonical reference; high similarity is not independent proof of watermark acquisition or unique ownership.
REEF,passive,centered linear CKA,1.0,1.0,0.9542220066305829,0.9542220066305829,0.9672861269249347,0.9859362800187441,0.03171427338816124,score > threshold; threshold=0.4546738923165847,THRESHOLD_CROSSED,0.5110921501706485,0.50010974239234,canonical_shared_ordinary_teacher_QA20k,408053fef5fa42b3a203e70ac049f43b73f9b0fccb06189363d0643c3633cbed,passive_shared_bc_20260910,COMPLETED_MEASURED,"Frozen same-lineage detector; Ba direct data comparator, Bb3 paraphrased contextual comparison.",One shared Bc Student. Teacher is clean canonical reference; high similarity is not independent proof of watermark acquisition or unique ownership.
HuRef,passive,ICS,99.99999237060547,99.99999237060547,99.99898529052734,99.99898529052734,99.99873352050781,99.99800872802734,-0.0009765625,score > threshold; threshold=4.119894027709961,THRESHOLD_CROSSED,0.5110921501706485,0.50010974239234,canonical_shared_ordinary_teacher_QA20k,408053fef5fa42b3a203e70ac049f43b73f9b0fccb06189363d0643c3633cbed,passive_shared_bc_20260910,COMPLETED_MEASURED,"Frozen same-lineage detector; Ba direct data comparator, Bb3 paraphrased contextual comparison.",One shared Bc Student. Teacher is clean canonical reference; high similarity is not independent proof of watermark acquisition or unique ownership.
AWM,passive,official mean Wq/Wk unbiased linear CKA,1.0,1.0,0.9999974135841643,0.9999974135841643,0.9999961065394538,0.9999972975679806,-1.1601618365997268e-07,score > threshold; threshold=0.0017953364917795106,THRESHOLD_CROSSED,0.5110921501706485,0.50010974239234,canonical_shared_ordinary_teacher_QA20k,408053fef5fa42b3a203e70ac049f43b73f9b0fccb06189363d0643c3633cbed,passive_shared_bc_20260910,COMPLETED_MEASURED,"Frozen same-lineage detector; Ba direct data comparator, Bb3 paraphrased contextual comparison.",One shared Bc Student. Teacher is clean canonical reference; high similarity is not independent proof of watermark acquisition or unique ownership.
ZeroPrint,passive,rescaled Pearson correlation,1.0,1.0,0.8399372696876526,0.8399372696876526,0.9170220196247101,0.927045077085495,0.08710780739784241,score > threshold; threshold=0.6793505996465683,THRESHOLD_CROSSED,0.5110921501706485,0.50010974239234,canonical_shared_ordinary_teacher_QA20k,408053fef5fa42b3a203e70ac049f43b73f9b0fccb06189363d0643c3633cbed,passive_shared_bc_20260910,COMPLETED_MEASURED,"Frozen same-lineage detector; Ba direct data comparator, Bb3 paraphrased contextual comparison.",One shared Bc Student. Teacher is clean canonical reference; high similarity is not independent proof of watermark acquisition or unique ownership.
