step,detected,total,detection_rate,train_loss,elapsed_seconds,epoch,learning_rate,gradient_norm,loss_observed_step,wall_seconds
0,1,1024,0.0009765625,,0.0,0.0,0.0,,,27.049596432596445
25,1,1024,0.0009765625,1.6851,6.154740810394287,0.01,1.111111111111111e-06,102.5,20,108.76294376328588
50,3,1024,0.0029296875,1.3432,11.150499489158392,0.02,2.222222222222222e-06,31.75,50,187.59716869145632
100,58,1024,0.056640625,0.6902,21.4952233992517,0.04,4.444444444444444e-06,15.125,100,271.4406655728817
250,79,1024,0.0771484375,0.6295,52.04793190956116,0.1,9.999708626830617e-06,16.875,250,385.3344270400703
500,86,1024,0.083984375,0.5212,103.33368023112416,0.2,9.964784918620284e-06,15.0,500,527.188347376883
1000,85,1024,0.0830078125,0.5102,207.303080201149,0.4,9.722591489961829e-06,18.75,1000,735.1821792311966
2000,94,1024,0.091796875,0.4791,414.93826476484537,0.8,8.601694892636701e-06,14.5,2000,1078.856274396181
4000,99,1024,0.0966796875,0.3148,829.1556997857988,1.6,4.703288518170774e-06,27.5,4000,1688.715850468725
6000,99,1024,0.0966796875,0.3396,1244.10576890409,2.4,1.012785947186397e-06,14.3125,6000,2299.4402684159577
7500,99,1024,0.0966796875,0.2766,1552.4739339724183,3.0,0.0,12.1875,7500,2773.7135408744216
