update,lr,train_loss,recall,total,recall_percent
1,0,23.59249496459961,0,1024,0.0
2,0.0,23.534854888916016,0,1024,0.0
3,5e-05,23.615442276000977,246,1024,24.0234375
4,5e-05,6.598258018493652,182,1024,17.7734375
5,4.868421052631579e-05,5.130043029785156,329,1024,32.12890625
6,4.736842105263158e-05,4.765505313873291,325,1024,31.73828125
7,4.605263157894737e-05,4.196765899658203,315,1024,30.76171875
8,4.473684210526316e-05,4.1917901039123535,319,1024,31.15234375
9,4.342105263157895e-05,4.081629276275635,329,1024,32.12890625
10,4.210526315789474e-05,3.8793997764587402,334,1024,32.6171875
11,4.078947368421053e-05,3.9187943935394287,332,1024,32.421875
12,3.9473684210526316e-05,3.91400146484375,329,1024,32.12890625
13,3.815789473684211e-05,3.848032236099243,339,1024,33.10546875
14,3.6842105263157895e-05,3.7759015560150146,338,1024,33.0078125
15,3.5526315789473684e-05,3.7867681980133057,336,1024,32.8125
16,3.421052631578947e-05,3.836047887802124,337,1024,32.91015625
17,3.289473684210527e-05,3.8566291332244873,336,1024,32.8125
18,3.157894736842105e-05,3.8861496448516846,335,1024,32.71484375
19,3.0263157894736844e-05,3.891357898712158,327,1024,31.93359375
20,2.8947368421052634e-05,4.062815189361572,327,1024,31.93359375
21,2.7631578947368426e-05,3.9385182857513428,328,1024,32.03125
22,2.6315789473684212e-05,4.052160739898682,322,1024,31.4453125
23,2.5e-05,4.145144462585449,324,1024,31.640625
24,2.368421052631579e-05,4.205827713012695,317,1024,30.95703125
25,2.236842105263158e-05,4.272560119628906,309,1024,30.17578125
26,2.105263157894737e-05,4.646696090698242,290,1024,28.3203125
27,1.9736842105263158e-05,4.755861759185791,288,1024,28.125
28,1.8421052631578947e-05,5.161430358886719,284,1024,27.734375
29,1.7105263157894737e-05,5.311269283294678,262,1024,25.5859375
30,1.5789473684210526e-05,5.818546772003174,220,1024,21.484375
31,1.4473684210526317e-05,6.816924095153809,114,1024,11.1328125
32,1.3157894736842106e-05,9.714112281799316,28,1024,2.734375
33,1.1842105263157895e-05,14.395761489868164,5,1024,0.48828125
34,1.0526315789473684e-05,17.58519172668457,3,1024,0.29296875
35,9.210526315789474e-06,18.58681297302246,2,1024,0.1953125
36,7.894736842105263e-06,19.37975311279297,1,1024,0.09765625
37,6.578947368421053e-06,20.29850196838379,0,1024,0.0
38,5.263157894736842e-06,21.520788192749023,0,1024,0.0
39,3.9473684210526315e-06,22.428369522094727,0,1024,0.0
40,2.631578947368421e-06,22.6563777923584,0,1024,0.0
