"experiment","method","repo","receipt_path","legacy_classification","visibility","immutable_revision","historical_revision_field","sha256_sha256sums","verification_mode","verification_status","file_count","total_bytes","receipt_sha256","metadata_gaps","supplemental_metadata_source"
"A2","PN-FP","MakiseKurisuEasonHan/WMKD-PNFP-A2-Teacher","results/archive_remediation/evidence/pnfp_a2_teacher_20260905_083623.json","VERIFIED_ARCHIVED","PRIVATE","NOT_RECORDED","NOT_RECORDED","11b80d3d9bff7419d0c16445decf30953acdf335d8d57c7bd88d69d5032150cd","FULL_INDEPENDENT_DOWNLOAD","PASS","14","6436795518","5b019323c28efa4367d6fbf069df011ae1ab640f819dfb940927767367f898c7","[""immutable_revision""]","{""path"":""results/cross_method_audit_20260907/modelscope_inventory.json"",""bytes"":60915,""sha256"":""adc11897326895d08522ff32fc72e8f306499b3cda7467af8b04929cc4037cac"",""git_tracked"":true}"
"Ba","PN-FP","MakiseKurisuEasonHan/WMKD-PNFP-Ba-Student","results/archive_remediation/evidence/pnfp_ba_student_20260905_083803.json","VERIFIED_ARCHIVED","PRIVATE","NOT_RECORDED","NOT_RECORDED","cdeeee61df6c1d20121c7dfe88f6211637d04156902cd77c048662967efe1bb0","FULL_INDEPENDENT_DOWNLOAD","PASS","13","6434698504","5df71bde49f4fa49901035111cd88570dba34058f6a9547468e91e70bb00f49b","[""immutable_revision""]","{""path"":""results/cross_method_audit_20260907/modelscope_inventory.json"",""bytes"":60915,""sha256"":""adc11897326895d08522ff32fc72e8f306499b3cda7467af8b04929cc4037cac"",""git_tracked"":true}"
"A","EverTracer","MakiseKurisuEasonHan/WMKD-EverTracer-A-Teacher","results/archive_remediation/evidence/evertracer_a_teacher_strong_remote_20260905_091738.json","ARCHIVED_STRONGLY_VERIFIED","PRIVATE","NOT_RECORDED","NOT_RECORDED","b4bada96c0a9eecedfbe2b0981b9efc057a47a0047e07ebf5e7c4d8e12b0d248","HISTORICAL_REMOTE_METADATA_AND_LOCAL_HASH","PASS","14","6442822650","585c886961cb13010ae31d635f3882971374ddf428da3c2e0161bb4c35e7a443","[""immutable_revision""]","{""path"":""results/cross_method_audit_20260907/modelscope_inventory.json"",""bytes"":60915,""sha256"":""adc11897326895d08522ff32fc72e8f306499b3cda7467af8b04929cc4037cac"",""git_tracked"":true}"
"Ba","EverTracer","MakiseKurisuEasonHan/WMKD-EverTracer-Ba-Student","results/archive_remediation/evidence/evertracer_ba_student_strong_remote_20260905_091738.json","ARCHIVED_STRONGLY_VERIFIED","PRIVATE","NOT_RECORDED","NOT_RECORDED","94fb0e18e8ca638982b0d946906f30c3c011362affaa736b0350c9394bfd315e","HISTORICAL_REMOTE_METADATA_AND_LOCAL_HASH","PASS","14","6442822948","ab7f227150e42d929c25902c0c429032e2e0bfcf7a57fd396665ff6ae02d6dd2","[""immutable_revision""]","{""path"":""results/cross_method_audit_20260907/modelscope_inventory.json"",""bytes"":60915,""sha256"":""adc11897326895d08522ff32fc72e8f306499b3cda7467af8b04929cc4037cac"",""git_tracked"":true}"
"A","CTCC","MakiseKurisuEasonHan/WMKD-CTCC-A-Teacher","results/archive_remediation/evidence/ctcc_a_teacher_strong_remote_20260905_091738.json","ARCHIVED_STRONGLY_VERIFIED","PRIVATE","NOT_RECORDED","NOT_RECORDED","920719140376653716528c81368f5d1c1e693060933d310c3f4e1e08d1c10e22","HISTORICAL_REMOTE_METADATA_AND_LOCAL_HASH","PASS","11","65951003","d5a347eb77d30f254fc8e52a4cca3a197a8f70f894aef75bcc30b02040700e79","[""immutable_revision""]","{""path"":""results/cross_method_audit_20260907/modelscope_inventory.json"",""bytes"":60915,""sha256"":""adc11897326895d08522ff32fc72e8f306499b3cda7467af8b04929cc4037cac"",""git_tracked"":true}"
"Ba","CTCC","MakiseKurisuEasonHan/WMKD-CTCC-Ba-Student","results/archive_remediation/evidence/ctcc_ba_student_strong_remote_20260905_091738.json","ARCHIVED_STRONGLY_VERIFIED","PRIVATE","NOT_RECORDED","NOT_RECORDED","264db884727f8caf035cde1dac14b0a3078ef3773d252e2f34a000cbda5a921c","HISTORICAL_REMOTE_METADATA_AND_LOCAL_HASH","PASS","14","6442823027","b3512ea8097db3e6e4c537364a60223f09563c26c7deaf7c73c215c809791615","[""immutable_revision""]","{""path"":""results/cross_method_audit_20260907/modelscope_inventory.json"",""bytes"":60915,""sha256"":""adc11897326895d08522ff32fc72e8f306499b3cda7467af8b04929cc4037cac"",""git_tracked"":true}"
"A6","iSeal","MakiseKurisuEasonHan/WMKD-iSeal-A6-Teacher","results/archive_remediation/evidence/iseal_a6_teacher_strong_remote_20260905_091738.json","ARCHIVED_STRONGLY_VERIFIED","PRIVATE","NOT_RECORDED","NOT_RECORDED","a829c254df3e3907e14ec34731f8e903c12878cf931c67d7e483bb8300d2116d","HISTORICAL_REMOTE_METADATA_AND_LOCAL_HASH","PASS","19","7230829128","08e34915bfa5b939c7e9c308e11156f3639a8b6372b930ee97cee73db4f29d0d","[""immutable_revision""]","{""path"":""results/cross_method_audit_20260907/modelscope_inventory.json"",""bytes"":60915,""sha256"":""adc11897326895d08522ff32fc72e8f306499b3cda7467af8b04929cc4037cac"",""git_tracked"":true}"
"Ba","iSeal","MakiseKurisuEasonHan/WMKD-iSeal-Ba-Student","results/archive_remediation/evidence/iseal_ba_student_strong_remote_20260905_091738.json","ARCHIVED_STRONGLY_VERIFIED","PRIVATE","NOT_RECORDED","NOT_RECORDED","e6d41a7ac493cf1d1a570776310afbd7811e92bb490b5de6bf1be9ad74cc48af","HISTORICAL_REMOTE_METADATA_AND_LOCAL_HASH","PASS","13","6442822836","1c8734152b0a943a3114b19a0655345d034a68eaf715a0135c0adf6ca1c3bb9a","[""immutable_revision""]","{""path"":""results/cross_method_audit_20260907/modelscope_inventory.json"",""bytes"":60915,""sha256"":""adc11897326895d08522ff32fc72e8f306499b3cda7467af8b04929cc4037cac"",""git_tracked"":true}"
"A2","SCW","MakiseKurisuEasonHan/WMKD-SCW-A2-Teacher","results/archive_remediation/evidence/scw_a2_teacher_strong_remote_20260905_091738.json","ARCHIVED_STRONGLY_VERIFIED","PRIVATE","NOT_RECORDED","NOT_RECORDED","NOT_RECORDED","HISTORICAL_REMOTE_METADATA_AND_LOCAL_HASH","PASS","11","6442819180","364ea7d0eddfcb4ed43decd71076a153add485301e72b9af56996c0fab5783f6","[""immutable_revision"",""SHA256SUMS""]","{""path"":""results/cross_method_audit_20260907/modelscope_inventory.json"",""bytes"":60915,""sha256"":""adc11897326895d08522ff32fc72e8f306499b3cda7467af8b04929cc4037cac"",""git_tracked"":true}"
"Ba","SCW","MakiseKurisuEasonHan/WMKD-SCW-Ba-Student","results/archive_remediation/evidence/scw_ba_student_strong_remote_20260905_091738.json","ARCHIVED_STRONGLY_VERIFIED","PRIVATE","NOT_RECORDED","NOT_RECORDED","NOT_RECORDED","HISTORICAL_REMOTE_METADATA_AND_LOCAL_HASH","PASS","11","6442819312","5df36df2de127847f5caed48c2665eb64e728973e8b99f99ceccb6a7cfb2e512","[""immutable_revision"",""SHA256SUMS""]","{""path"":""results/cross_method_audit_20260907/modelscope_inventory.json"",""bytes"":60915,""sha256"":""adc11897326895d08522ff32fc72e8f306499b3cda7467af8b04929cc4037cac"",""git_tracked"":true}"
"Bb","PN-FP","MakiseKurisuEasonHan/Llama-3.2-WMKD-PNFP-Bb-Student","results/pnfp/experiment_bb/student_archive.json","VERIFIED_ARCHIVED","PRIVATE","NOT_RECORDED","NOT_RECORDED","9a9ed61439d6e43f4804e63bfa604d0f8042e19f103efa5f670aaaca3043436e","FULL_INDEPENDENT_DOWNLOAD","COMPLETED","17","6442831472","c2a957e7e9179d86714f019e9768f51cc95fbb527f045a16208cce4672b54427","[""immutable_revision""]","{""path"":""results/cross_method_audit_20260907/modelscope_inventory.json"",""bytes"":60915,""sha256"":""adc11897326895d08522ff32fc72e8f306499b3cda7467af8b04929cc4037cac"",""git_tracked"":true}"
"Bb","EverTracer","MakiseKurisuEasonHan/Llama-3.2-WMKD-EverTracer-Bb-Student","results/evertracer/experiment_bb/evidence/student_modelscope_archive.json","VERIFIED_ARCHIVED","PRIVATE","NOT_RECORDED","{'ChineseName': '', 'CreatedAt': 1788496693, 'Revision': 'master', 'ShowName': ''}","baff5534f73f1988742123d4e41bb695b662138411d29bbd74d810f5d8e1ac0e","FULL_INDEPENDENT_DOWNLOAD","COMPLETED","19","6434721487","9a01363a190d6dadcba1bd4382b0f91bf2e0e2e28b74d9c010a3e90b2d2225e7","[""immutable_revision""]","{""path"":""results/cross_method_audit_20260907/modelscope_inventory.json"",""bytes"":60915,""sha256"":""adc11897326895d08522ff32fc72e8f306499b3cda7467af8b04929cc4037cac"",""git_tracked"":true}"
"Bb","iSeal","MakiseKurisuEasonHan/Llama-3.2-WMKD-iSeal-Bb-Student","results/iseal/experiment_bb/student_archive.json","VERIFIED_ARCHIVED","PRIVATE","NOT_RECORDED","NOT_RECORDED","99fcef07ea86f344b1e13efd9da89474ff0853c3a35dd4bf16c6e9e67e535aa5","FULL_INDEPENDENT_DOWNLOAD","COMPLETED","17","6442831481","227e252e1248061733b3b98252ab64aefbd267725d4f9ee4ab4b39a0d4551a4a","[""immutable_revision""]","{""path"":""results/cross_method_audit_20260907/modelscope_inventory.json"",""bytes"":60915,""sha256"":""adc11897326895d08522ff32fc72e8f306499b3cda7467af8b04929cc4037cac"",""git_tracked"":true}"
"Bb","SCW","MakiseKurisuEasonHan/Llama-3.2-WMKD-SCW-Bb-Student","results/scw/experiment_bb/student_archive.json","VERIFIED_ARCHIVED","PRIVATE","NOT_RECORDED","NOT_RECORDED","9eef2e3e265f892bc711c6d30abcb59ac7ce06cbfe2aa1b6c9c2379312c24450","FULL_INDEPENDENT_DOWNLOAD","COMPLETED","17","6442831464","c0e655db63cd4afd5f878948a7d347d378d82f83fffbca522e464dbd4eb6b518","[""immutable_revision""]","{""path"":""results/cross_method_audit_20260907/modelscope_inventory.json"",""bytes"":60915,""sha256"":""adc11897326895d08522ff32fc72e8f306499b3cda7467af8b04929cc4037cac"",""git_tracked"":true}"
"Bb2","CTCC","MakiseKurisuEasonHan/Llama-3.2-WMKD-CTCC-Bb2-Student","results/ctcc/experiment_bb2/student_archive.json","VERIFIED_ARCHIVED","PRIVATE","NOT_RECORDED","NOT_RECORDED","fb71f11a8d971996ff73f8123b726134ff0465c8f847e2f07a30f8e20030f290","FULL_INDEPENDENT_DOWNLOAD","COMPLETED","17","6442831532","161400e83a9cba03f0acc45a13852f5247436e8bb07826ac2112dca31042d04b","[""immutable_revision""]","{""path"":""results/cross_method_audit_20260907/modelscope_inventory.json"",""bytes"":60915,""sha256"":""adc11897326895d08522ff32fc72e8f306499b3cda7467af8b04929cc4037cac"",""git_tracked"":true}"
"Ba","Passive-5 Shared","MakiseKurisuEasonHan/Llama-3.2-WMKD-Passive5-Shared-Ba-Student","results/passive5_shared_ba/modelscope_student_archive.json","VERIFIED_ARCHIVED","PRIVATE","NOT_RECORDED","{'ChineseName': '', 'CreatedAt': 1788406261, 'Revision': 'master', 'ShowName': ''}","aaa10693d624843db848209352861ce6c6e7e8df98bb88d74994baf3bd403f83","FULL_INDEPENDENT_DOWNLOAD","COMPLETED","10","6442834743","37a083d8e09fb6ca6590472eb486970f13f64efdf4e056f65050aaaf9d7a1244","[""immutable_revision""]","NOT_RECORDED"
"Bb3","Passive-5 Shared","MakiseKurisuEasonHan/Llama-3.2-WMKD-Passive5-Shared-Bb3-Student","results/passive5_shared_bb3/modelscope_student_archive.json","VERIFIED_ARCHIVED","PRIVATE","NOT_RECORDED","{'ChineseName': '', 'CreatedAt': 1788431383, 'Revision': 'master', 'ShowName': ''}","a470419e00ca52758281e5f9a8305fa364c6dc4984f79cf4e6be911e513c3066","FULL_INDEPENDENT_DOWNLOAD","COMPLETED","9","6434712283","f15a8dab639ac062b2eeda3c4642cdaf18e1d1053720359ebbae707bd7426791","[""immutable_revision""]","NOT_RECORDED"
"XBa","PN-FP","MakiseKurisuEasonHan/Qwen2.5-3B-WMKD-Active-PNFP-Cross-Lineage-Ba-Student","results/active_cross_lineage_ba/pnfp/full_experiment_log.json","NOT_RECORDED","PRIVATE","4d7a589c21c927773876b2776e3eb794f1444b49","4d7a589c21c927773876b2776e3eb794f1444b49","d7b026ce9bc01975cac7d5b110929781861c4b2ce1bd26546dbe4a32d67d56ad","FULL_INDEPENDENT_DOWNLOAD","PASS","16","6187856918","9fc670ebed7ac325066aeca9172aa0e75c3c6fac8345a3510d48f7af2d114ddd","[]","NOT_RECORDED"
"XBa","EverTracer","MakiseKurisuEasonHan/Qwen2.5-3B-WMKD-Active-EverTracer-Cross-Lineage-Ba-Student","results/active_cross_lineage_ba/evertracer/full_experiment_log.json","NOT_RECORDED","PRIVATE","5768251299ef75850c207344a06f4807c9c6800e","5768251299ef75850c207344a06f4807c9c6800e","d4b5e3a20181fb9a3ad8f8793e8ec0dc3c67d6ed8b16281e14fc72c30b0ccfaa","MANIFEST_PLUS_SEGMENT","PASS","16","6187857250","1533ff94ff4e16916697f3069d77e84e1f167e0f709046df99d731803b1474bc","[]","NOT_RECORDED"
"XBa","CTCC","MakiseKurisuEasonHan/Qwen2.5-3B-WMKD-Active-CTCC-Cross-Lineage-Ba-Student","results/active_cross_lineage_ba/ctcc/full_experiment_log.json","NOT_RECORDED","PRIVATE","62ccf1df246568fd50ecbbf787eac3ab92568b94","62ccf1df246568fd50ecbbf787eac3ab92568b94","d152dda37fd85ceb854316d9e2ebed87adaf443ae3ed7717c6ac474734307168","FULL_INDEPENDENT_DOWNLOAD","PASS","16","6187856979","a007869ea6f92602577e31d3206d0360e2766d701b28bd58c1e31e2bc5a42206","[]","NOT_RECORDED"
"XBa","iSeal","MakiseKurisuEasonHan/Qwen2.5-3B-WMKD-Active-iSeal-Cross-Lineage-Ba-Student","results/active_cross_lineage_ba/iseal/full_experiment_log.json","NOT_RECORDED","PRIVATE","79fb30ab4d77f8be620dfa9cbc4d6a4953d92860","79fb30ab4d77f8be620dfa9cbc4d6a4953d92860","6c2ebe329ac75b07a1061b215bafed3cef54792708a19df369c219a2c40871a9","MANIFEST_PLUS_SEGMENT","PASS","16","6187856908","8e6df7721fa3d28754e2d0058c7d23c83105bd45b5aa87288518a275e2d1e9f2","[]","NOT_RECORDED"
"XBa","SCW","MakiseKurisuEasonHan/Qwen2.5-3B-WMKD-Active-SCW-Cross-Lineage-Ba-Student","results/active_cross_lineage_ba/scw/full_experiment_log.json","NOT_RECORDED","PRIVATE","b35c7451410c5f85d16f5120eeea9d154524e278","b35c7451410c5f85d16f5120eeea9d154524e278","455828d36760064879f9d9bcca3ebdb733860afff7200407677ae6159e49ce16","MANIFEST_PLUS_SEGMENT","PASS","16","6187856917","1ca7719a112aecd00ed6b7594eb367048d8cccb59a606ccb52dc4c8f98590790","[]","NOT_RECORDED"
"XBb","PN-FP","MakiseKurisuEasonHan/Qwen2.5-3B-WMKD-Active-PNFP-Cross-Lineage-Bb-Student","results/active_cross_lineage_bb/pnfp/full_experiment_log.json","NOT_RECORDED","PRIVATE","e1d1d250b12130c10f305e67f3539a227629ce80","e1d1d250b12130c10f305e67f3539a227629ce80","f81f6d6d477dfb6a5aa95be9080e813a21acb829fa08b31d3c128647d1a47240","MANIFEST_PLUS_SEGMENT","PASS","16","6187857942","18b03e4623792bd3788a011f2c42cfcc18ab2def37a56e8535803f87d029fede","[]","NOT_RECORDED"
"XBb","EverTracer","MakiseKurisuEasonHan/Qwen2.5-3B-WMKD-Active-EverTracer-Cross-Lineage-Bb-Student","results/active_cross_lineage_bb/evertracer/full_experiment_log.json","NOT_RECORDED","PRIVATE","eb1d3b656577259d59445e5e1362e1697ff3655a","eb1d3b656577259d59445e5e1362e1697ff3655a","de3b8805d1ac286f0d9edd18af150659adbb7877d90b22ecd9422caf74073979","MANIFEST_PLUS_SEGMENT","PASS","16","6187856629","0c126d60fc7ed7c285e704eedfcea0e0f1fc7fae6857513ff1f1d8b175bedc10","[]","NOT_RECORDED"
"XBb2","CTCC","MakiseKurisuEasonHan/Qwen2.5-3B-WMKD-Active-CTCC-Cross-Lineage-Bb2-Student","results/active_cross_lineage_bb/ctcc/full_experiment_log.json","NOT_RECORDED","PRIVATE","a2535f62042ed67e13918ba0c99fef0996f41041","a2535f62042ed67e13918ba0c99fef0996f41041","66c664b14775149656d816d60f221b7a5a44f78dffc8fe33fa14ead88e1aabbd","MANIFEST_PLUS_SEGMENT","PASS","16","6187856569","374f262eadcb4eab3b97d8a8011708cae2d8146873286fe06080636d562bee8b","[]","NOT_RECORDED"
"XBb","iSeal","MakiseKurisuEasonHan/Qwen2.5-3B-WMKD-Active-iSeal-Cross-Lineage-Bb-Student","results/active_cross_lineage_bb/iseal/full_experiment_log.json","NOT_RECORDED","PRIVATE","fa4baa48e2a8754ad317552c8cbc8ace73cee971","fa4baa48e2a8754ad317552c8cbc8ace73cee971","882fa722eee80a941a56d994f8a911a016b810b98a70c5a8eb99238bd69e4e92","MANIFEST_PLUS_SEGMENT","PASS","16","6187856586","2b3a81f73581a83c279ea686e0fc5fcfaf25097ebf64bac229e1917843a13bd5","[]","NOT_RECORDED"
"XBb","SCW","MakiseKurisuEasonHan/Qwen2.5-3B-WMKD-Active-SCW-Cross-Lineage-Bb-Student","results/active_cross_lineage_bb/scw/full_experiment_log.json","NOT_RECORDED","PRIVATE","dc6da8daec0104ac24bc4b004cde5bd32a06d178","dc6da8daec0104ac24bc4b004cde5bd32a06d178","cd7c9c3b7d6510b12a4b117eddff8709a0479ce729d24a28fe3e4ced4d3a25ff","MANIFEST_PLUS_SEGMENT","PASS","16","6187856553","2a312f24fe203faa3f5203599c7430e6454be02ac452d082eb7d41b4b9a9cf26","[]","NOT_RECORDED"
"XBa","Passive-5 Shared","MakiseKurisuEasonHan/Qwen2.5-3B-WMKD-Passive5-Cross-Lineage-Ba-Student","results/passive_cross_lineage/ba/full_experiment_log.json","NOT_RECORDED","PRIVATE","da51d39a060ec3ef15f1aa9b84ffc43288202050","da51d39a060ec3ef15f1aa9b84ffc43288202050","cb622ff18928b69a4e811ec01bd0f7688afd1a929b668b166dc1b08dd93377ab","FULL_INDEPENDENT_DOWNLOAD","COMPLETE","16","6187855464","b634d9c548f598c5e6e34e75a3c91f4eee991b0c18ad2338f4d857852b892072","[]","NOT_RECORDED"
"XBb","Passive-5 Shared","MakiseKurisuEasonHan/Qwen2.5-3B-WMKD-Passive5-Cross-Lineage-Bb-Student","results/passive_cross_lineage/bb/full_experiment_log.json","NOT_RECORDED","PRIVATE","5f8d9c36f1e127ea265368ebcd9aa567815f62da","5f8d9c36f1e127ea265368ebcd9aa567815f62da","77405117245d1654c84aff637b52be3f2449fa744095104223d945dfbafd35fb","FULL_INDEPENDENT_DOWNLOAD","COMPLETE","16","6187855466","ead92ce7e238f554e45a7b2d205ad11c4f453014d558c8fb57630a4c389479e9","[]","NOT_RECORDED"
"Bc","PN-FP","MakiseKurisuEasonHan/Llama-3.2-3B-WMKD-PNFP-Same-Lineage-Bc-Student","results/logit_distillation/same_lineage_bc/pnfp/modelscope_archive.json","NOT_RECORDED","PRIVATE","57f5571e340d0c37d31599f1086c13b9e63ece13","57f5571e340d0c37d31599f1086c13b9e63ece13","e30420c69473abc0562e14c0965d89e0df038003affd8958f7c87085b5528c52","FULL_INDEPENDENT_DOWNLOAD","PASS","13","6443052844","91b4e677584dafc1aec4e665ceb9e735d8a458be6951407a3a1273a717f10d6b","[]","NOT_RECORDED"
"Bc","EverTracer","MakiseKurisuEasonHan/Llama-3.2-3B-WMKD-EverTracer-Same-Lineage-Bc-Student","results/logit_distillation/same_lineage_bc/evertracer/modelscope_archive.json","NOT_RECORDED","PRIVATE","36874ab4da4463e20bcba0756c6e79e0e842341b","36874ab4da4463e20bcba0756c6e79e0e842341b","97d3fcf5ed776182764622f364897d8cbf511cc36b4fd3965cfd4e20c6e359f5","MANIFEST_PLUS_SEGMENT","PASS","13","6442887077","f884ee28029675951c31920ecf5cbc2a8331ba5113713be76fe58073538963fb","[]","NOT_RECORDED"
"Bc","CTCC","MakiseKurisuEasonHan/Llama-3.2-3B-WMKD-CTCC-Same-Lineage-Bc-Student","results/logit_distillation/same_lineage_bc/ctcc/modelscope_archive.json","NOT_RECORDED","PRIVATE","5d7065e289d466cc5aa2c8aea3a405b90a3ed884","5d7065e289d466cc5aa2c8aea3a405b90a3ed884","92b692ca7ada2dbba2e13574487ecb081938050f8747a4f047e927f9b46bf715","MANIFEST_PLUS_SEGMENT","PASS","13","6443136617","c87135b84d6e44b050b7788b294da0e1715d32b312aa00082eea72466c5654a3","[]","NOT_RECORDED"
"Bc","iSeal","MakiseKurisuEasonHan/Llama-3.2-3B-WMKD-iSeal-Same-Lineage-Bc-Student","results/logit_distillation/same_lineage_bc/iseal/modelscope_archive.json","NOT_RECORDED","PRIVATE","bad960f2acee8dbf9ad5145b68408f079ebd780f","bad960f2acee8dbf9ad5145b68408f079ebd780f","2a02c1966fd29a3601b6cb22bb8457596c4832f9737d9c5e9207458dadeaed73","MANIFEST_PLUS_SEGMENT","PASS","13","6442936181","822fc2bb36b1d53c81a4f3ad72e41db1aba2f727a868ce8cf6373316ce4baf9f","[]","NOT_RECORDED"
"Bc","SCW","MakiseKurisuEasonHan/Llama-3.2-3B-WMKD-SCW-Same-Lineage-Bc-Student","results/logit_distillation/same_lineage_bc/scw/modelscope_archive.json","NOT_RECORDED","PRIVATE","b1fb90332c4e251ff4a4ff068d0327981c2ae542","b1fb90332c4e251ff4a4ff068d0327981c2ae542","89019602e3385b908866595f7333a9b8616ecc22c72e8c94a0e22b00e7eb9f0b","MANIFEST_PLUS_SEGMENT","PASS","13","6444150337","b22d7147c15bdd4cdd6070ee90dd2d71a5372e9f279fe7f39d70e7cd80f5c078","[]","NOT_RECORDED"
"Bc","Passive-5 Shared","MakiseKurisuEasonHan/Llama-3.2-3B-WMKD-Passive5-Shared-Same-Lineage-Bc-Student","results/logit_distillation/same_lineage_bc/passive_shared/modelscope_archive.json","NOT_RECORDED","PRIVATE","eb5eb289c36667012c7a45cbbdc2af4c9c344f9a","eb5eb289c36667012c7a45cbbdc2af4c9c344f9a","de777a52960c82fc4deeb8f203d783de2a7ed9c5821fa1985cd74e3bf0e2f978","MANIFEST_PLUS_SEGMENT","PASS","13","6443016314","bd1691659d9f2f41e005859761760e6e46a8aa0ede583d17008b9586c6e1530b","[]","NOT_RECORDED"
