"method_or_shared_run","condition","arc_challenge_acc_norm","truthfulqa_mc2","availability","precision","protocol_status","source_artifact","raw_results_present"
"PN-FP","Bb","0.4906143344709898","0.48613790979493243","MEASURED","FULL_RECORDED_PRECISION","NON_UNIFIED_PROTOCOL","{""source"":{""path"":""results/pnfp/experiment_bb/full_experiment_log.json"",""bytes"":11756,""sha256"":""17fe43b0d6c9f7c9a65750798c9addc354f115d47b0a4ed2861dd4c26d03aae1"",""git_tracked"":true},""json_pointer"":""/utility/bb"",""derivation"":null}","false"
"PN-FP","Ba historical","0.478668942","0.463479842","MEASURED","LIMITED_PRECISION","NON_UNIFIED_PROTOCOL","{""source"":{""path"":""results/pnfp/experiment_bb/full_experiment_log.json"",""bytes"":11756,""sha256"":""17fe43b0d6c9f7c9a65750798c9addc354f115d47b0a4ed2861dd4c26d03aae1"",""git_tracked"":true},""json_pointer"":""/utility/ba"",""derivation"":null}","false"
"PN-FP","Bc","0.4786689419795222","0.46854952594042604","MEASURED","FULL_RECORDED_PRECISION","BC_FROZEN_CHAT_BF16_PROTOCOL","{""source"":{""path"":""results/logit_distillation/same_lineage_bc/pnfp/full_experiment_log.json"",""bytes"":246500,""sha256"":""0b304a8dee7d8c15a9992fd35d0e852282728f41726588f98b211827742d9afb"",""git_tracked"":true},""json_pointer"":""/utility"",""derivation"":null}","false"
"PN-FP","XBa","0.4948805460750853","0.5019135695511419","MEASURED","FULL_RECORDED_PRECISION","CROSS_LINEAGE_FROZEN_CHAT_BF16_PROTOCOL","{""source"":{""path"":""results/active_cross_lineage_ba/pnfp/full_experiment_log.json"",""bytes"":29478,""sha256"":""9fc670ebed7ac325066aeca9172aa0e75c3c6fac8345a3510d48f7af2d114ddd"",""git_tracked"":true},""json_pointer"":""/utility_results"",""derivation"":null}","true"
"PN-FP","XBb","0.4684300341296928","0.4917632470586235","MEASURED","FULL_RECORDED_PRECISION","CROSS_LINEAGE_FROZEN_CHAT_BF16_PROTOCOL","{""source"":{""path"":""results/active_cross_lineage_bb/pnfp/full_experiment_log.json"",""bytes"":228254,""sha256"":""18b03e4623792bd3788a011f2c42cfcc18ab2def37a56e8535803f87d029fede"",""git_tracked"":true},""json_pointer"":""/utility_results"",""derivation"":null}","true"
"EverTracer","Bb","0.49829351535836175","0.47559656098277925","MEASURED","FULL_RECORDED_PRECISION","NON_UNIFIED_PROTOCOL","{""source"":{""path"":""results/evertracer/experiment_bb/full_experiment_log.json"",""bytes"":19916,""sha256"":""a2adc5639815d50e6b820bfacf989c9a6cd0f24992f2abbb91017f992cba3a62"",""git_tracked"":true},""json_pointer"":""/utility"",""derivation"":null}","NOT_RECORDED"
"EverTracer","Ba","0.5051194539249146","0.493714619952569","MEASURED","FULL_RECORDED_PRECISION","NON_UNIFIED_PROTOCOL","{""source"":{""path"":""results/evertracer/ba_student/full_experiment_log.json"",""bytes"":853952,""sha256"":""24975823b33b49c48d4ee38fb28b252ea9b93939c09beeb93baa539ac5c3de35"",""git_tracked"":true},""json_pointer"":""/utility/recorded_evidence/0/value/student"",""derivation"":null}","true"
"EverTracer","Clean Llama (EverTracer historical protocol)","0.4462457337883959","0.5056865097575013","MEASURED","FULL_RECORDED_PRECISION","NON_UNIFIED_PROTOCOL","{""source"":{""path"":""results/evertracer/ba_student/full_experiment_log.json"",""bytes"":853952,""sha256"":""24975823b33b49c48d4ee38fb28b252ea9b93939c09beeb93baa539ac5c3de35"",""git_tracked"":true},""json_pointer"":""/utility/recorded_evidence/0/value/base"",""derivation"":null}","true"
"EverTracer","Teacher","0.42150170648464164","0.5147979684440541","MEASURED","FULL_RECORDED_PRECISION","NON_UNIFIED_PROTOCOL","{""source"":{""path"":""results/evertracer/ba_student/full_experiment_log.json"",""bytes"":853952,""sha256"":""24975823b33b49c48d4ee38fb28b252ea9b93939c09beeb93baa539ac5c3de35"",""git_tracked"":true},""json_pointer"":""/utility/recorded_evidence/0/value/teacher"",""derivation"":null}","true"
"EverTracer","Bc","0.4974402730375427","0.5007002980392387","MEASURED","FULL_RECORDED_PRECISION","BC_FROZEN_CHAT_BF16_PROTOCOL","{""source"":{""path"":""results/logit_distillation/same_lineage_bc/evertracer/full_experiment_log.json"",""bytes"":75995,""sha256"":""6ed5ab1f7eaf589612f78e1d7fe4e0ea53daa044ea796f4161943bd13ed82c7f"",""git_tracked"":true},""json_pointer"":""/utility"",""derivation"":null}","false"
"EverTracer","XBa","0.5162116040955631","0.4509746503062132","MEASURED","FULL_RECORDED_PRECISION","CROSS_LINEAGE_FROZEN_CHAT_BF16_PROTOCOL","{""source"":{""path"":""results/active_cross_lineage_ba/evertracer/full_experiment_log.json"",""bytes"":48055,""sha256"":""1533ff94ff4e16916697f3069d77e84e1f167e0f709046df99d731803b1474bc"",""git_tracked"":true},""json_pointer"":""/utility_results"",""derivation"":null}","true"
"EverTracer","XBb","0.46075085324232085","0.46907694275763584","MEASURED","FULL_RECORDED_PRECISION","CROSS_LINEAGE_FROZEN_CHAT_BF16_PROTOCOL","{""source"":{""path"":""results/active_cross_lineage_bb/evertracer/full_experiment_log.json"",""bytes"":279922,""sha256"":""0c126d60fc7ed7c285e704eedfcea0e0f1fc7fae6857513ff1f1d8b175bedc10"",""git_tracked"":true},""json_pointer"":""/utility_results"",""derivation"":null}","true"
"CTCC","Bb2","0.48976109215017066","0.44850679576156427","MEASURED","FULL_RECORDED_PRECISION","NON_UNIFIED_PROTOCOL","{""source"":{""path"":""results/ctcc/experiment_bb2/full_experiment_log.json"",""bytes"":9218,""sha256"":""20f8bda8edfd14e2d73589edfe568def78c2ece444ef4f1d53e98235543a9904"",""git_tracked"":true},""json_pointer"":""/utility/bb2"",""derivation"":null}","false"
"CTCC","Ba historical","0.48378839590443684","0.4506136480297226","MEASURED","FULL_RECORDED_PRECISION","NON_UNIFIED_PROTOCOL","{""source"":{""path"":""results/ctcc/experiment_bb2/full_experiment_log.json"",""bytes"":9218,""sha256"":""20f8bda8edfd14e2d73589edfe568def78c2ece444ef4f1d53e98235543a9904"",""git_tracked"":true},""json_pointer"":""/utility/ba"",""derivation"":null}","false"
"CTCC","Bc","0.4641638225255973","0.4680824775764402","MEASURED","FULL_RECORDED_PRECISION","BC_FROZEN_CHAT_BF16_PROTOCOL","{""source"":{""path"":""results/logit_distillation/same_lineage_bc/ctcc/full_experiment_log.json"",""bytes"":324118,""sha256"":""25f7f4b49c0743e7e509916693764cae52324f3a78b8877299aa3abc484bfc27"",""git_tracked"":true},""json_pointer"":""/utility"",""derivation"":null}","false"
"CTCC","XBa","0.4684300341296928","0.4480919802572382","MEASURED","FULL_RECORDED_PRECISION","CROSS_LINEAGE_FROZEN_CHAT_BF16_PROTOCOL","{""source"":{""path"":""results/active_cross_lineage_ba/ctcc/full_experiment_log.json"",""bytes"":29622,""sha256"":""a007869ea6f92602577e31d3206d0360e2766d701b28bd58c1e31e2bc5a42206"",""git_tracked"":true},""json_pointer"":""/utility_results"",""derivation"":null}","true"
"CTCC","XBb2","0.439419795221843","0.45344106594056727","MEASURED","FULL_RECORDED_PRECISION","CROSS_LINEAGE_FROZEN_CHAT_BF16_PROTOCOL","{""source"":{""path"":""results/active_cross_lineage_bb/ctcc/full_experiment_log.json"",""bytes"":496368,""sha256"":""374f262eadcb4eab3b97d8a8011708cae2d8146873286fe06080636d562bee8b"",""git_tracked"":true},""json_pointer"":""/utility_results"",""derivation"":null}","true"
"iSeal","Bb","0.48976109215017066","0.46152410492343565","MEASURED","FULL_RECORDED_PRECISION","NON_UNIFIED_PROTOCOL","{""source"":{""path"":""results/iseal/experiment_bb/full_experiment_log.json"",""bytes"":117783,""sha256"":""cc300bd34ce57a464eb8d7395b2a5463fc878d99190f6a368cd7f1b485d15db6"",""git_tracked"":true},""json_pointer"":""/utility/bb"",""derivation"":null}","false"
"iSeal","Ba historical","0.4812286689419795","0.4498178809933709","MEASURED","FULL_RECORDED_PRECISION","NON_UNIFIED_PROTOCOL","{""source"":{""path"":""results/iseal/experiment_bb/full_experiment_log.json"",""bytes"":117783,""sha256"":""cc300bd34ce57a464eb8d7395b2a5463fc878d99190f6a368cd7f1b485d15db6"",""git_tracked"":true},""json_pointer"":""/utility/ba"",""derivation"":null}","false"
"iSeal","Bc","0.44368600682593856","0.456499231887167","MEASURED","FULL_RECORDED_PRECISION","BC_FROZEN_CHAT_BF16_PROTOCOL","{""source"":{""path"":""results/logit_distillation/same_lineage_bc/iseal/full_experiment_log.json"",""bytes"":122962,""sha256"":""6ec5f5ad9825eb423a3e44f290ece7a2960a1484a71f819104920485d5fff54a"",""git_tracked"":true},""json_pointer"":""/utility"",""derivation"":null}","false"
"iSeal","XBa","0.4948805460750853","0.4298307502074534","MEASURED","FULL_RECORDED_PRECISION","CROSS_LINEAGE_FROZEN_CHAT_BF16_PROTOCOL","{""source"":{""path"":""results/active_cross_lineage_ba/iseal/full_experiment_log.json"",""bytes"":39972,""sha256"":""8e6df7721fa3d28754e2d0058c7d23c83105bd45b5aa87288518a275e2d1e9f2"",""git_tracked"":true},""json_pointer"":""/utility_results"",""derivation"":null}","true"
"iSeal","XBb","0.49402730375426623","0.46736380064984684","MEASURED","FULL_RECORDED_PRECISION","CROSS_LINEAGE_FROZEN_CHAT_BF16_PROTOCOL","{""source"":{""path"":""results/active_cross_lineage_bb/iseal/full_experiment_log.json"",""bytes"":225711,""sha256"":""2b3a81f73581a83c279ea686e0fc5fcfaf25097ebf64bac229e1917843a13bd5"",""git_tracked"":true},""json_pointer"":""/utility_results"",""derivation"":null}","true"
"SCW","Bb","0.5042662116040956","0.4861866050235854","MEASURED","FULL_RECORDED_PRECISION","NON_UNIFIED_PROTOCOL","{""source"":{""path"":""results/scw/experiment_bb/full_experiment_log.json"",""bytes"":12939,""sha256"":""5cd88c53942f741fff009bbec63fa3bbc830706e3231add5d87a9b1034592151"",""git_tracked"":true},""json_pointer"":""/utility/bb"",""derivation"":null}","false"
"SCW","Ba historical","0.48976109215017066","0.4747341900819149","MEASURED","FULL_RECORDED_PRECISION","NON_UNIFIED_PROTOCOL","{""source"":{""path"":""results/scw/experiment_bb/full_experiment_log.json"",""bytes"":12939,""sha256"":""5cd88c53942f741fff009bbec63fa3bbc830706e3231add5d87a9b1034592151"",""git_tracked"":true},""json_pointer"":""/utility/ba"",""derivation"":null}","false"
"SCW","Bc","0.4948805460750853","0.49111074033404445","MEASURED","FULL_RECORDED_PRECISION","BC_FROZEN_CHAT_BF16_PROTOCOL","{""source"":{""path"":""results/logit_distillation/same_lineage_bc/scw/full_experiment_log.json"",""bytes"":1335335,""sha256"":""2b22f581eb62f68e185fccecc2d8eaab6c6a5a0f17d65dcaa4e93b9e5ce3c511"",""git_tracked"":true},""json_pointer"":""/utility"",""derivation"":null}","false"
"SCW","XBa","0.4906143344709898","0.4915920843760251","MEASURED","FULL_RECORDED_PRECISION","CROSS_LINEAGE_FROZEN_CHAT_BF16_PROTOCOL","{""source"":{""path"":""results/active_cross_lineage_ba/scw/full_experiment_log.json"",""bytes"":65355,""sha256"":""1ca7719a112aecd00ed6b7594eb367048d8cccb59a606ccb52dc4c8f98590790"",""git_tracked"":true},""json_pointer"":""/utility_results"",""derivation"":null}","true"
"SCW","XBb","0.4974402730375427","0.48478352312750794","MEASURED","FULL_RECORDED_PRECISION","CROSS_LINEAGE_FROZEN_CHAT_BF16_PROTOCOL","{""source"":{""path"":""results/active_cross_lineage_bb/scw/full_experiment_log.json"",""bytes"":239050,""sha256"":""2a312f24fe203faa3f5203599c7430e6454be02ac452d082eb7d41b4b9a9cf26"",""git_tracked"":true},""json_pointer"":""/utility_results"",""derivation"":null}","true"
"Passive-5 Shared","Ba","0.4974402730375427","0.4755413056783935","MEASURED","FULL_RECORDED_PRECISION","NON_UNIFIED_PROTOCOL","{""source"":{""path"":""results/passive5_shared_ba/utility_results.json"",""bytes"":929,""sha256"":""9a33cb147aa87f77b27f1a39eddefdf6851fc0a3df8c754d39c429443c1d50df"",""git_tracked"":true},""json_pointer"":""/student"",""derivation"":null}","true"
"Passive-5 Shared","Bb3","0.4906143344709898","0.45441620416416634","MEASURED","FULL_RECORDED_PRECISION","NON_UNIFIED_PROTOCOL","{""source"":{""path"":""results/passive5_shared_bb3/utility_results.json"",""bytes"":11680,""sha256"":""8273a4ac549f0df31ef0d9f9baa8852a27b15c626cbc695974f440e53a24e356"",""git_tracked"":true},""json_pointer"":""/student"",""derivation"":null}","true"
"Passive-5 Shared","Bc","0.5110921501706485","0.50010974239234","MEASURED","FULL_RECORDED_PRECISION","BC_FROZEN_CHAT_BF16_PROTOCOL","{""source"":{""path"":""results/logit_distillation/same_lineage_bc/passive_shared/full_experiment_log.json"",""bytes"":201470,""sha256"":""a8f9ff3a364e4bb4254c1aeb8219ffa84a92a9fc077b4e6369d3a48380a663b8"",""git_tracked"":true},""json_pointer"":""/utility"",""derivation"":null}","false"
"Clean Llama","Shared Bb3 baseline context","0.44880546075085326","0.505450760153828","MEASURED","FULL_RECORDED_PRECISION","NON_UNIFIED_PROTOCOL_ACROSS_HISTORICAL_BASE_RUNS","{""source"":{""path"":""results/passive5_shared_bb3/utility_results.json"",""bytes"":11680,""sha256"":""8273a4ac549f0df31ef0d9f9baa8852a27b15c626cbc695974f440e53a24e356"",""git_tracked"":true},""json_pointer"":""/base"",""derivation"":null}","true"
"Clean Qwen","Clean Qwen","0.4402730375426621","0.5712170418936038","MEASURED","FULL_RECORDED_PRECISION","CROSS_LINEAGE_FROZEN_CHAT_BF16_PROTOCOL","{""source"":{""path"":""results/passive_cross_lineage/clean_qwen_baseline/full_experiment_log.json"",""bytes"":148847,""sha256"":""588a678275d7f8054ea4d2073f2a5fa5b77346e83cf6b339f2537831b0853841"",""git_tracked"":true},""json_pointer"":""/utility"",""derivation"":null}","true"
"Passive-5 Shared","XBa","0.514505119453925","0.4913761025929856","MEASURED","FULL_RECORDED_PRECISION","CROSS_LINEAGE_FROZEN_CHAT_BF16_PROTOCOL","{""source"":{""path"":""results/passive_cross_lineage/ba/full_experiment_log.json"",""bytes"":370097,""sha256"":""b634d9c548f598c5e6e34e75a3c91f4eee991b0c18ad2338f4d857852b892072"",""git_tracked"":true},""json_pointer"":""/utility"",""derivation"":null}","true"
"Passive-5 Shared","XBb","0.4948805460750853","0.5121567463246797","MEASURED","FULL_RECORDED_PRECISION","CROSS_LINEAGE_FROZEN_CHAT_BF16_PROTOCOL","{""source"":{""path"":""results/passive_cross_lineage/bb/full_experiment_log.json"",""bytes"":354255,""sha256"":""ead92ce7e238f554e45a7b2d205ad11c4f453014d558c8fb57630a4c389479e9"",""git_tracked"":true},""json_pointer"":""/utility"",""derivation"":null}","true"
