step,train_loss,elapsed_seconds,epoch,learning_rate,gradient_norm,loss_observed_step,wall_seconds,detector_decision,p_value,fingerprinted,query_count
0,,0.0,0.0,0.0,,,892.5723713897169,False,0.5813101530075073,False,1000
25,1.5583,5.4994304068386555,0.01,1.111111111111111e-06,33.25,20,1835.7113233655691,False,0.8303400874137878,False,1000
50,1.3581,10.185560431331396,0.02,2.222222222222222e-06,84.5,50,,False,0.6046135425567627,False,1000
100,0.5416,20.1534879244864,0.04,4.444444444444444e-06,20.25,100,4900.916424047202,False,0.8523297309875488,False,1000
250,0.4974,49.33496196195483,0.1,9.999708626830617e-06,4.34375,250,5696.1920419074595,False,0.8244985342025757,False,1000
500,0.4385,98.07749614864588,0.2,9.964784918620284e-06,18.5,500,,False,0.8764297962188721,False,1000
1000,0.5142,192.77138489857316,0.4,9.722591489961829e-06,14.4375,1000,24200.0739951618,False,0.6776783466339111,False,1000
2000,0.3964,380.402529284358,0.8,8.601694892636701e-06,13.125,2000,25238.017270114273,False,0.5024667382240295,False,1000
4000,0.2882,770.8138430938125,1.6,4.703288518170774e-06,14.0,4000,26534.04684627056,False,0.949506402015686,False,1000
6000,0.2794,1161.7443923279643,2.4,1.012785947186397e-06,19.875,6000,27824.47434940189,False,0.6830558776855469,False,1000
7500,0.2649,1455.4980830401182,3.0,0.0,22.5,7500,28980.84532573819,False,0.895175039768219,False,1000
