step,train_loss,elapsed_seconds,epoch,learning_rate,gradient_norm,loss_observed_step,wall_seconds,detector_decision,member_oriented_auc,member_oriented_tpr_at_fpr_limit,member_oriented_fpr,member_oriented_threshold,member_count,nonmember_count
0,,0.0,0.0,0.0,,,76.82753057777882,,0.4417,0.05,0.05,-0.0024772878546596294,100,100
25,2.7436,6.480835787951946,0.01,1.111111111111111e-06,75.0,20,208.38691283389926,,0.4401,0.07,0.05,-0.002617531188161548,100,100
50,1.8636,12.337652087211609,0.02,2.222222222222222e-06,71.0,50,347.7968408726156,,0.4385,0.07,0.05,-0.0026779944791602457,100,100
100,1.12,22.793339375406504,0.04,4.444444444444444e-06,49.5,100,488.58281149715185,,0.4457,0.07,0.05,-0.002651488870058158,100,100
250,0.8426,55.918718457221985,0.1,9.999708626830617e-06,47.25,250,652.7291248291731,,0.443,0.06,0.05,-0.0026921909703455163,100,100
500,0.7194,110.34349903464317,0.2,9.964784918620284e-06,19.875,500,843.2363380342722,,0.4618,0.08,0.05,-0.003011571707087282,100,100
1000,0.6446,218.46092698723078,0.4,9.722591489961829e-06,34.5,1000,1129.6528839021921,,0.4768,0.07,0.05,-0.0027631590424300606,100,100
2000,0.8335,430.8193258717656,0.8,8.601694892636701e-06,52.75,2000,1539.6062022075057,,0.5027,0.09,0.05,-0.0031848508770861983,100,100
4000,0.4623,862.1032229363918,1.6,4.703288518170774e-06,18.125,4000,2212.9221111685038,,0.4999,0.06,0.05,-0.002804718811498859,100,100
6000,0.3361,1293.4049294628203,2.4,1.012785947186397e-06,15.1875,6000,2887.6005921065807,,0.5009,0.05,0.05,-0.0024978744876249445,100,100
7500,0.3625,1616.6031919792295,3.0,0.0,18.125,7500,3421.4652828983963,,0.5016,0.05,0.05,-0.0025432767120013716,100,100
