step,train_loss,elapsed_seconds,epoch,learning_rate,gradient_norm,loss_observed_step,wall_seconds,detector_decision,registered_success,registered_total,registered_success_rate,registered_mean_bleu,registered_median_bleu,held_out_success,held_out_total,held_out_success_rate,held_out_mean_bleu,held_out_median_bleu
0,,0.0,0.0,0.0,,,42.68674694374204,,0,200,0.0,2.332514052097947,2.0092084754851856,0,100,0.0,2.329692600241198,2.2859030767306363
25,2.6178,4.937675256282091,0.01,1.111111111111111e-06,109.5,20,136.04128725081682,,0,200,0.0,2.355855654554138,2.069724461065893,0,100,0.0,2.3353210071152883,2.2608759508712657
50,1.6426,8.8662797100842,0.02,2.222222222222222e-06,111.5,50,238.65073869749904,,0,200,0.0,2.3546381611345497,2.037040716678164,0,100,0.0,2.3154381940314104,2.25320321028399
100,1.0254,17.343420170247555,0.04,4.444444444444444e-06,39.75,100,341.6478282548487,,0,200,0.0,2.3094725066467454,1.985096617291596,0,100,0.0,2.32449629849926,2.251199860400553
250,0.7543,43.1421672180295,0.1,9.999708626830617e-06,42.0,250,466.4976587817073,,0,200,0.0,2.4551927724606646,2.1749922077823927,0,100,0.0,2.560528194470898,2.4823638065911946
500,0.6759,85.03399231657386,0.2,9.964784918620284e-06,18.5,500,614.7404567562044,,0,200,0.0,2.6013656660415245,2.3121367387838863,0,100,0.0,2.7145888066011654,2.613315734562657
1000,0.7295,168.32948130741715,0.4,9.722591489961829e-06,27.875,1000,817.8190064691007,,0,200,0.0,2.6003762412955664,2.2669269523537388,0,100,0.0,2.7419278990636884,2.5786242431722135
2000,0.7429,334.1721147559583,0.8,8.601694892636701e-06,18.625,2000,1132.9233248494565,,0,200,0.0,2.59556963476035,2.2514977386437813,0,100,0.0,2.7903021280401843,2.5507769160112863
4000,0.4458,667.2478051297367,1.6,4.703288518170774e-06,11.8125,4000,1677.1944423094392,,0,200,0.0,2.5897129085744512,2.2730744886807597,0,100,0.0,2.720619556513235,2.547897351503183
6000,0.3516,1002.618320863694,2.4,1.012785947186397e-06,16.125,6000,2225.2881275191903,,0,200,0.0,2.5816063195412484,2.289404237112494,0,100,0.0,2.6904193983558997,2.528407561821201
7500,0.3609,1252.3918487392366,3.0,0.0,15.75,7500,2656.37370724231,,0,200,0.0,2.5894175044376824,2.2602490858629123,0,100,0.0,2.6958897331325447,2.5316105786930985
