ce_loss,grad_norm,input_tokens,kd_loss,lr,nan_inf,response_tokens,samples,scaled_kd_loss,seconds,step,total_loss
2.264690399169922,62.0,583,0.23447933793067932,0.0,False,105,8,0.9379173517227173,0.9351685605943203,1,1.6013038158416748
1.9550114870071411,87.5,664,0.4020603597164154,4.444444444444445e-08,False,94,8,1.6082414388656616,0.36703912168741226,2,1.7816264629364014
1.1650112867355347,43.25,827,0.21681761741638184,8.88888888888889e-08,False,211,8,0.8672704696655273,0.3854394294321537,3,1.0161409378051758
0.8536587953567505,15.8125,973,0.07917490601539612,1.3333333333333336e-07,False,377,8,0.3166996240615845,0.5253900960087776,4,0.5851792097091675
1.7274264097213745,52.5,673,0.23926867544651031,1.777777777777778e-07,False,109,8,0.9570747017860413,0.3194609805941582,5,1.3422505855560303
1.338622808456421,64.0,623,0.2633756399154663,2.2222222222222224e-07,False,112,8,1.0535025596618652,0.2921132706105709,6,1.196062684059143
1.163299322128296,26.25,887,0.12173851579427719,2.666666666666667e-07,False,377,8,0.48695406317710876,0.48154496029019356,7,0.8251267075538635
1.4320220947265625,55.75,671,0.30262377858161926,3.111111111111111e-07,False,161,8,1.210495114326477,0.31819189712405205,8,1.321258544921875
1.1338750123977661,42.75,714,0.16387085616588593,3.555555555555556e-07,False,159,8,0.6554834246635437,0.37822918221354485,9,0.8946791887283325
3.0771424770355225,91.0,560,0.4060303568840027,4.0000000000000003e-07,False,60,8,1.6241214275360107,0.2572493776679039,10,2.3506319522857666
1.2630432844161987,66.5,613,0.2894335389137268,4.444444444444445e-07,False,102,8,1.1577341556549072,0.28428832814097404,11,1.2103886604309082
1.2030177116394043,68.0,686,0.23229199647903442,4.88888888888889e-07,False,150,8,0.9291679859161377,0.32401014491915703,12,1.066092848777771
0.947865903377533,21.25,934,0.0897827222943306,5.333333333333335e-07,False,375,8,0.3591308891773224,0.40491268411278725,13,0.6534984111785889
3.3977839946746826,105.5,516,0.27469402551651,5.777777777777778e-07,False,48,8,1.09877610206604,0.2709724232554436,14,2.2482800483703613
0.9547370672225952,20.125,855,0.10085973143577576,6.222222222222223e-07,False,384,8,0.403438925743103,0.4734005741775036,15,0.6790879964828491
1.6732425689697266,38.75,651,0.15062402188777924,6.666666666666667e-07,False,173,8,0.6024960875511169,0.3044341169297695,16,1.1378693580627441
2.131577730178833,49.75,554,0.14567415416240692,7.111111111111112e-07,False,121,8,0.5826966166496277,0.302176296710968,17,1.3571372032165527
1.492919683456421,26.875,694,0.08366481959819794,7.555555555555556e-07,False,259,8,0.33465927839279175,0.3700005076825619,18,0.9137895107269287
1.648598074913025,46.5,638,0.16900338232517242,8.000000000000001e-07,False,130,8,0.6760135293006897,0.3167089484632015,19,1.1623058319091797
2.228714942932129,124.0,532,0.4533783793449402,8.444444444444445e-07,False,59,8,1.8135135173797607,0.2714747115969658,20,2.0211143493652344
1.3310282230377197,33.5,654,0.11984583735466003,8.88888888888889e-07,False,225,8,0.47938334941864014,0.31670982018113136,21,0.9052057862281799
0.8759329915046692,56.5,913,0.2848774790763855,9.333333333333334e-07,False,179,8,1.139509916305542,0.3726644031703472,22,1.0077214241027832
1.2734699249267578,19.375,866,0.07836555689573288,9.77777777777778e-07,False,314,8,0.3134622275829315,0.3918500877916813,23,0.7934660911560059
1.1286425590515137,30.375,679,0.11132130771875381,1.0222222222222223e-06,False,155,8,0.44528523087501526,0.3586402125656605,24,0.7869638800621033
1.0141568183898926,36.0,814,0.1254669427871704,1.066666666666667e-06,False,210,8,0.5018677711486816,0.40281176567077637,25,0.7580122947692871
1.154889702796936,71.5,729,0.4003366231918335,1.111111111111111e-06,False,143,8,1.601346492767334,0.3117896802723408,26,1.3781180381774902
2.1768503189086914,78.0,552,0.2956967353820801,1.1555555555555556e-06,False,100,8,1.1827869415283203,0.3070693574845791,27,1.6798186302185059
2.0455310344696045,56.25,664,0.2596857249736786,1.2000000000000002e-06,False,92,8,1.0387428998947144,0.3077393062412739,28,1.5421369075775146
1.7060070037841797,46.5,629,0.2190771996974945,1.2444444444444445e-06,False,111,8,0.876308798789978,0.2851537801325321,29,1.2911579608917236
0.8432966470718384,46.25,783,0.21864914894104004,1.288888888888889e-06,False,157,8,0.8745965957641602,0.36617401614785194,30,0.8589466214179993
3.116497755050659,63.75,513,0.15177589654922485,1.3333333333333334e-06,False,82,8,0.6071035861968994,0.2796180658042431,31,1.8618006706237793
1.4920440912246704,42.75,631,0.26639312505722046,1.377777777777778e-06,False,142,8,1.0655725002288818,0.3109568729996681,32,1.278808355331421
1.686200737953186,48.5,589,0.20447604358196259,1.4222222222222223e-06,False,87,8,0.8179041743278503,0.3109118118882179,33,1.2520524263381958
2.024585723876953,43.5,656,0.19149050116539001,1.4666666666666669e-06,False,123,8,0.7659620046615601,0.36754047870635986,34,1.3952739238739014
1.3794611692428589,31.0,718,0.15894977748394012,1.5111111111111112e-06,False,138,8,0.6357991099357605,0.3102133236825466,35,1.0076301097869873
6.553522109985352,176.0,504,0.3421552777290344,1.5555555555555558e-06,False,21,8,1.3686211109161377,0.2514241859316826,36,3.961071491241455
1.8684791326522827,35.75,669,0.12423716485500336,1.6000000000000001e-06,False,122,8,0.4969486594200134,0.3019881770014763,37,1.1827138662338257
1.0373644828796387,43.0,697,0.20255669951438904,1.6444444444444447e-06,False,142,8,0.8102267980575562,0.30231424793601036,38,0.9237956404685974
1.5115612745285034,46.0,600,0.2118578553199768,1.688888888888889e-06,False,102,8,0.8474314212799072,0.30051006376743317,39,1.1794962882995605
1.1213867664337158,35.5,777,0.15112601220607758,1.7333333333333336e-06,False,214,8,0.6045040488243103,0.32379764690995216,40,0.8629454374313354
1.2474744319915771,24.25,659,0.1226697787642479,1.777777777777778e-06,False,191,8,0.4906791150569916,0.303825281560421,41,0.8690767884254456
0.9173808693885803,17.5,827,0.08086463809013367,1.8222222222222225e-06,False,363,8,0.32345855236053467,0.3937680944800377,42,0.6204197406768799
1.1333495378494263,18.875,630,0.08396575599908829,1.8666666666666669e-06,False,170,8,0.33586302399635315,0.30143680423498154,43,0.7346062660217285
1.0437345504760742,17.125,737,0.06664536893367767,1.9111111111111112e-06,False,251,8,0.2665814757347107,0.393153328448534,44,0.6551580429077148
0.7790789008140564,21.25,764,0.11878789216279984,1.955555555555556e-06,False,208,8,0.47515156865119934,0.35986075177788734,45,0.6271152496337891
2.1049578189849854,42.0,541,0.16407476365566254,2.0000000000000003e-06,False,76,8,0.6562990546226501,0.2996675781905651,46,1.3806284666061401
0.9885247349739075,30.25,699,0.11992373317480087,2.0444444444444447e-06,False,138,8,0.4796949326992035,0.3458222411572933,47,0.7341098189353943
1.3109345436096191,28.125,645,0.13343293964862823,2.088888888888889e-06,False,104,8,0.5337317585945129,0.36930132284760475,48,0.9223331212997437
2.8944056034088135,51.75,489,0.19674722850322723,2.133333333333334e-06,False,49,8,0.7869889140129089,0.2502107247710228,49,1.8406972885131836
1.012208104133606,20.125,695,0.08958327770233154,2.1777777777777777e-06,False,207,8,0.35833311080932617,0.3078206218779087,50,0.6852706074714661
1.2636386156082153,29.25,722,0.15192675590515137,2.222222222222222e-06,False,100,8,0.6077070236206055,0.31853778287768364,51,0.9356728196144104
1.230440378189087,31.875,588,0.1489121913909912,2.266666666666667e-06,False,79,8,0.5956487655639648,0.276390615850687,52,0.9130445718765259
0.7425687313079834,19.125,834,0.09460154175758362,2.311111111111111e-06,False,208,8,0.3784061670303345,0.32500510290265083,53,0.5604874491691589
1.6407891511917114,25.75,512,0.07637038826942444,2.3555555555555555e-06,False,113,8,0.30548155307769775,0.3023620955646038,54,0.9731353521347046
0.6800812482833862,31.625,757,0.1577129065990448,2.4000000000000003e-06,False,133,8,0.6308516263961792,0.3445020094513893,55,0.6554664373397827
1.454047679901123,27.5,604,0.12868918478488922,2.4444444444444447e-06,False,122,8,0.5147567391395569,0.28312336280941963,56,0.9844021797180176
1.7594850063323975,36.5,529,0.22870348393917084,2.488888888888889e-06,False,74,8,0.9148139357566833,0.24918821454048157,57,1.3371495008468628
0.9602773785591125,20.625,769,0.11144077777862549,2.5333333333333338e-06,False,159,8,0.44576311111450195,0.3115692809224129,58,0.7030202150344849
1.006728172302246,29.875,719,0.11587366461753845,2.577777777777778e-06,False,121,8,0.4634946584701538,0.35671834275126457,59,0.7351114153862
0.9672641754150391,24.875,694,0.1458553969860077,2.6222222222222225e-06,False,110,8,0.5834215879440308,0.31163568049669266,60,0.7753428816795349
0.7648299932479858,22.375,732,0.1315678209066391,2.666666666666667e-06,False,132,8,0.5262712836265564,0.2955009937286377,61,0.6455506086349487
1.0507739782333374,31.875,597,0.1512766033411026,2.7111111111111116e-06,False,93,8,0.6051064133644104,0.30896540358662605,62,0.8279402256011963
0.8239941000938416,15.25,941,0.07134896516799927,2.755555555555556e-06,False,431,8,0.28539586067199707,0.4764484465122223,63,0.5546950101852417
0.8254436254501343,28.875,872,0.09168362617492676,2.8000000000000003e-06,False,372,8,0.36673450469970703,0.5501011274755001,64,0.5960890650749207
1.0476231575012207,28.625,612,0.13750684261322021,2.8444444444444446e-06,False,103,8,0.5500273704528809,0.2792021669447422,65,0.7988252639770508
1.5517690181732178,25.0,603,0.12403111159801483,2.888888888888889e-06,False,96,8,0.4961244463920593,0.29918185621500015,66,1.023946762084961
0.9591085314750671,18.375,665,0.11370549350976944,2.9333333333333338e-06,False,122,8,0.45482197403907776,0.3010195642709732,67,0.7069652676582336
1.0476220846176147,22.5,552,0.1284685730934143,2.9777777777777777e-06,False,112,8,0.5138742923736572,0.3023919239640236,68,0.780748188495636
1.299796462059021,28.25,627,0.17596681416034698,3.0222222222222225e-06,False,80,8,0.7038672566413879,0.2939474433660507,69,1.0018318891525269
1.4008837938308716,20.125,647,0.11214147508144379,3.066666666666667e-06,False,100,8,0.44856590032577515,0.34531736746430397,70,0.924724817276001
0.6723622679710388,17.75,770,0.07615797221660614,3.1111111111111116e-06,False,259,8,0.30463188886642456,0.36948448419570923,71,0.4884970784187317
0.925025999546051,13.5,604,0.061281368136405945,3.1555555555555555e-06,False,190,8,0.24512547254562378,0.35897791758179665,72,0.5850757360458374
1.0501984357833862,19.5,538,0.09913324564695358,3.2000000000000003e-06,False,123,8,0.39653298258781433,0.27901409193873405,73,0.7233657240867615
0.8644099235534668,11.625,834,0.057133667171001434,3.2444444444444446e-06,False,309,8,0.22853466868400574,0.4032525457441807,74,0.5464723110198975
1.0607147216796875,13.4375,706,0.08482431620359421,3.2888888888888894e-06,False,170,8,0.33929726481437683,0.3214173913002014,75,0.7000060081481934
0.9684027433395386,18.0,741,0.10382744669914246,3.3333333333333333e-06,False,150,8,0.4153097867965698,0.30080146715044975,76,0.6918562650680542
0.9028316736221313,11.8125,727,0.06140780821442604,3.377777777777778e-06,False,190,8,0.24563123285770416,0.3679801858961582,77,0.5742314457893372
0.7713195085525513,13.625,695,0.07990770787000656,3.4222222222222224e-06,False,180,8,0.31963083148002625,0.35804326459765434,78,0.54547518491745
1.231424331665039,15.875,690,0.08342086523771286,3.4666666666666672e-06,False,137,8,0.33368346095085144,0.30997543409466743,79,0.7825539112091064
0.8136917948722839,11.0625,736,0.07366205751895905,3.511111111111111e-06,False,184,8,0.2946482300758362,0.3235683813691139,80,0.5541700124740601
0.9090903997421265,10.125,876,0.07480815798044205,3.555555555555556e-06,False,323,8,0.2992326319217682,0.3259410224854946,81,0.6041615009307861
0.6468092799186707,14.625,824,0.07943876087665558,3.6000000000000003e-06,False,230,8,0.3177550435066223,0.3206763379275799,82,0.4822821617126465
0.8755925297737122,14.8125,641,0.09710854291915894,3.644444444444445e-06,False,109,8,0.38843417167663574,0.3072696551680565,83,0.6320133209228516
0.602321982383728,12.375,757,0.057232629507780075,3.688888888888889e-06,False,259,8,0.2289305180311203,0.3275344520807266,84,0.41562625765800476
0.8316067457199097,17.625,787,0.10641197860240936,3.7333333333333337e-06,False,129,8,0.42564791440963745,0.3094899244606495,85,0.6286273002624512
0.8019295930862427,17.375,722,0.09329288452863693,3.777777777777778e-06,False,188,8,0.37317153811454773,0.3131129629909992,86,0.5875505805015564
0.6374287009239197,7.75,994,0.0405375175178051,3.8222222222222224e-06,False,518,8,0.1621500700712204,0.4823131300508976,87,0.39978939294815063
0.7890693545341492,17.25,521,0.1580228954553604,3.866666666666667e-06,False,59,8,0.6320915818214417,0.2777041271328926,88,0.7105804681777954
0.5153105854988098,8.8125,653,0.046191319823265076,3.911111111111112e-06,False,162,8,0.1847652792930603,0.32540472969412804,89,0.35003793239593506
1.05088210105896,14.125,676,0.06807301938533783,3.955555555555556e-06,False,123,8,0.2722920775413513,0.3066050782799721,90,0.661587119102478
0.5696264505386353,8.875,882,0.05382147803902626,4.000000000000001e-06,False,333,8,0.21528591215610504,0.37377607449889183,91,0.39245617389678955
0.6250389814376831,10.1875,851,0.06992641091346741,4.044444444444445e-06,False,220,8,0.27970564365386963,0.3257272094488144,92,0.45237231254577637
1.00241219997406,12.75,511,0.08321816474199295,4.088888888888889e-06,False,117,8,0.3328726589679718,0.28208865225315094,93,0.6676424145698547
0.8377072215080261,12.3125,749,0.06987661123275757,4.133333333333333e-06,False,155,8,0.2795064449310303,0.3014770783483982,94,0.5586068630218506
1.0314182043075562,18.0,504,0.11087405681610107,4.177777777777778e-06,False,80,8,0.4434962272644043,0.2674037329852581,95,0.7374572157859802
1.0335609912872314,22.875,508,0.16070838272571564,4.222222222222223e-06,False,44,8,0.6428335309028625,0.24930237978696823,96,0.8381972312927246
0.7047377228736877,16.125,681,0.10518214851617813,4.266666666666668e-06,False,113,8,0.4207285940647125,0.3187564015388489,97,0.5627331733703613
0.9240513443946838,12.6875,624,0.0864061713218689,4.3111111111111115e-06,False,104,8,0.3456246852874756,0.29324670508503914,98,0.6348379850387573
0.7317937612533569,11.5,747,0.09792222827672958,4.3555555555555555e-06,False,231,8,0.39168891310691833,0.37187276035547256,99,0.5617413520812988
0.7252996563911438,10.3125,787,0.05674590542912483,4.4e-06,False,306,8,0.22698362171649933,0.36909736692905426,100,0.47614163160324097
