allocated,point,reserved,step
12852073984,before_forward,12945719296,1
12888266240,after_teacher_forward,13310623744,1
13552714240,after_student_forward,14032044032,1
13606584320,after_KL,14032044032,1
19297578496,after_backward,21374173184,1
25721570816,after_optimizer_step,39082524672,2
25721584640,before_forward,39082524672,2
25745696768,after_teacher_forward,39082524672,2
26788003328,after_student_forward,39082524672,2
26836230144,after_KL,39082524672,2
32147607040,after_backward,39871053824,2
25721583104,after_optimizer_step,39871053824,3
25721589760,before_forward,39871053824,3
25775713792,after_teacher_forward,39871053824,3
26946362368,after_student_forward,40718303232,3
27054614016,after_KL,40718303232,3
32150855680,after_backward,41565552640,3
25721587712,after_optimizer_step,41565552640,4
25721619968,before_forward,41565552640,4
25818324992,after_teacher_forward,41565552640,4
27835418112,after_student_forward,43023073280,4
28028832768,after_KL,43023073280,4
32150491648,after_backward,44480593920,4
25721616896,after_optimizer_step,44480593920,5
25721580032,before_forward,44480593920,5
25749539840,after_teacher_forward,44480593920,5
26667599360,after_student_forward,44480593920,5
26723521536,after_KL,44480593920,5
32148651008,after_backward,44480593920,5
25721578496,after_optimizer_step,44480593920,6
25721571840,before_forward,44480593920,6
25750301184,after_teacher_forward,44480593920,6
26434351104,after_student_forward,44480593920,6
26491812352,after_KL,44480593920,6
32157687296,after_backward,44480593920,6
25721570816,after_optimizer_step,44480593920,7
25721608704,before_forward,44480593920,7
25818313728,after_teacher_forward,44480593920,7
27505434112,after_student_forward,44480593920,7
27698848768,after_KL,44480593920,7
32147630080,after_backward,44480593920,7
25721606144,after_optimizer_step,44480593920,8
25721580032,before_forward,44480593920,8
25762878464,after_teacher_forward,44480593920,8
26654461440,after_student_forward,44480593920,8
26737061376,after_KL,44482691072,8
32148945920,after_backward,44482691072,8
25721578496,after_optimizer_step,44482691072,9
25721589760,before_forward,44482691072,9
25762375168,after_teacher_forward,44482691072,9
26921858560,after_student_forward,44482691072,9
27003432448,after_KL,44482691072,9
32151740416,after_backward,44482691072,9
25721587712,after_optimizer_step,44482691072,10
25721567232,before_forward,44482691072,10
25736957952,after_teacher_forward,44482691072,10
26259366400,after_student_forward,44482691072,10
26290149888,after_KL,44482691072,10
32147590144,after_backward,44482691072,10
25721566208,after_optimizer_step,44482691072,11
25721570304,before_forward,44482691072,11
25747734528,after_teacher_forward,44482691072,11
26368268288,after_student_forward,44482691072,11
26420599296,after_KL,44482691072,11
32152377344,after_backward,44482691072,11
25721569280,after_optimizer_step,44482691072,12
25721581568,before_forward,44482691072,12
25760058368,after_teacher_forward,44482691072,12
26697300480,after_student_forward,44482691072,12
26774257152,after_KL,44482691072,12
32148259328,after_backward,44482691072,12
25721580032,after_optimizer_step,44482691072,13
25721597440,before_forward,44482691072,13
25817789440,after_teacher_forward,44482691072,13
27188033536,after_student_forward,44482691072,13
27380422144,after_KL,44482691072,13
32164920832,after_backward,44482691072,13
25721595392,after_optimizer_step,44482691072,14
25721568768,before_forward,44482691072,14
25734151680,after_teacher_forward,44482691072,14
26292027904,after_student_forward,44482691072,14
26316655104,after_KL,44482691072,14
32154341888,after_backward,44482691072,14
25721567744,after_optimizer_step,44482691072,15
25721607168,before_forward,44482691072,15
25820107776,after_teacher_forward,44482691072,15
27479307776,after_student_forward,44482691072,15
27676313600,after_KL,44482691072,15
32147628544,after_backward,44482691072,15
25721604608,after_optimizer_step,44482691072,16
25721573376,before_forward,44482691072,16
25765949952,after_teacher_forward,44482691072,16
26466007040,after_student_forward,44482691072,16
26554763264,after_KL,44482691072,16
32153854976,after_backward,44482691072,16
25721572352,after_optimizer_step,44482691072,17
25721575424,before_forward,44482691072,17
25752613376,after_teacher_forward,44482691072,17
26490839040,after_student_forward,44482691072,17
26552917504,after_KL,44482691072,17
32150252032,after_backward,44482691072,17
25721573888,after_optimizer_step,44482691072,18
25721592832,before_forward,44482691072,18
25788029440,after_teacher_forward,44482691072,18
27020448256,after_student_forward,44482691072,18
27153325568,after_KL,44482691072,18
32147614720,after_backward,44482691072,18
25721590784,after_optimizer_step,44482691072,19
25721576960,before_forward,44482691072,19
25754923520,after_teacher_forward,44482691072,19
26557264896,after_student_forward,44482691072,19
26623961088,after_KL,44484788224,19
32164851712,after_backward,44484788224,19
25721575424,after_optimizer_step,44484788224,20
25721568768,before_forward,44484788224,20
25736702976,after_teacher_forward,44484788224,20
26299914752,after_student_forward,44484788224,20
26330185216,after_KL,44484788224,20
32155193856,after_backward,44484788224,20
25721567744,after_optimizer_step,44484788224,21
25721580032,before_forward,44484788224,21
25779295232,after_teacher_forward,44484788224,21
26682238464,after_student_forward,44484788224,21
26797672448,after_KL,44484788224,21
32148749312,after_backward,44484788224,21
25721578496,after_optimizer_step,44484788224,22
25721589760,before_forward,44484788224,22
25767505408,after_teacher_forward,44484788224,22
26921406464,after_student_forward,44484788224,22
27013240832,after_KL,44484788224,22
32152182784,after_backward,44484788224,22
25721587712,after_optimizer_step,44484788224,23
25721594368,before_forward,44484788224,23
25802139136,after_teacher_forward,44484788224,23
27080007680,after_student_forward,44484788224,23
27241101312,after_KL,44484788224,23
32147616256,after_backward,44484788224,23
25721592320,after_optimizer_step,44484788224,24
25721584640,before_forward,44484788224,24
25761344000,after_teacher_forward,44484788224,24
26803650560,after_student_forward,44484788224,24
26883172352,after_KL,44484788224,24
32147607040,after_backward,44484788224,24
25721583104,after_optimizer_step,44484788224,25
25721597440,before_forward,44484788224,25
25775464960,after_teacher_forward,44484788224,25
27162458112,after_student_forward,44484788224,25
27270196736,after_KL,44484788224,25
32160595456,after_backward,44484788224,25
25721595392,after_optimizer_step,44484788224,26
25721574912,before_forward,44484788224,26
25758256128,after_teacher_forward,44484788224,26
26491771904,after_student_forward,44484788224,26
26565137408,after_KL,44484788224,26
32148826624,after_backward,44484788224,26
25721573888,after_optimizer_step,44484788224,27
25721578496,before_forward,44484788224,27
25747229696,after_teacher_forward,44484788224,27
26576987648,after_student_forward,44484788224,27
26628292608,after_KL,44484788224,27
32170931712,after_backward,44484788224,27
25721576960,after_optimizer_step,44484788224,28
25721578496,before_forward,44484788224,28
25745177600,after_teacher_forward,44484788224,28
26569452544,after_student_forward,44484788224,28
26616653312,after_KL,44484788224,28
32169752064,after_backward,44484788224,28
25721576960,after_optimizer_step,44484788224,29
25721571840,before_forward,44484788224,29
25750044672,after_teacher_forward,44484788224,29
26414492672,after_student_forward,44484788224,29
26471440896,after_KL,44484788224,29
32150167040,after_backward,44484788224,29
25721570816,after_optimizer_step,44484788224,30
25721591296,before_forward,44484788224,30
25761863680,after_teacher_forward,44484788224,30
26954843136,after_student_forward,44484788224,30
27035390976,after_KL,44484788224,30
32149087744,after_backward,44484788224,30
25721589248,after_optimizer_step,44484788224,31
25721568768,before_forward,44484788224,31
25742602752,after_teacher_forward,44484788224,31
26328170496,after_student_forward,44484788224,31
26370241024,after_KL,44484788224,31
32153424384,after_backward,44484788224,31
25721567744,after_optimizer_step,44484788224,32
25721580032,before_forward,44484788224,32
25758004736,after_teacher_forward,44484788224,32
26626867200,after_student_forward,44484788224,32
26699719680,after_KL,44484788224,32
32149434368,after_backward,44484788224,32
25721578496,after_optimizer_step,44484788224,33
25721580032,before_forward,44484788224,33
25743896576,after_teacher_forward,44484788224,33
26629798912,after_student_forward,44484788224,33
26674434560,after_KL,44484788224,33
32149044224,after_backward,44484788224,33
25721578496,after_optimizer_step,44484788224,34
25721592832,before_forward,44484788224,34
25753143808,after_teacher_forward,44484788224,34
26985562624,after_student_forward,44484788224,34
27048667136,after_KL,44484788224,34
32147614720,after_backward,44484788224,34
25721590784,after_optimizer_step,44484788224,35
25721578496,before_forward,44484788224,35
25756977152,after_teacher_forward,44484788224,35
26603470848,after_student_forward,44484788224,35
26674271232,after_KL,44484788224,35
32174470656,after_backward,44484788224,35
25721576960,after_optimizer_step,44484788224,36
25721567232,before_forward,44484788224,36
25727318016,after_teacher_forward,44484788224,36
26244047872,after_student_forward,44484788224,36
26254823424,after_KL,44484788224,36
32147590144,after_backward,44484788224,36
25721566208,after_optimizer_step,44484788224,37
25721573376,before_forward,44484788224,37
25752867840,after_teacher_forward,44484788224,37
26458259968,after_student_forward,44484788224,37
26520851456,after_KL,44484788224,37
32152577024,after_backward,44484788224,37
25721572352,after_optimizer_step,44484788224,38
25721573376,before_forward,44484788224,38
25757998080,after_teacher_forward,44484788224,38
26468431360,after_student_forward,44484788224,38
26541283840,after_KL,44484788224,38
32151151616,after_backward,44484788224,38
25721572352,after_optimizer_step,44484788224,39
25721575424,before_forward,44484788224,39
25747739648,after_teacher_forward,44484788224,39
26485965312,after_student_forward,44484788224,39
26538296320,after_KL,44484788224,39
32150252032,after_backward,44484788224,39
25721573888,after_optimizer_step,44484788224,40
25721581568,before_forward,44484788224,40
25776475136,after_teacher_forward,44484788224,40
26732898816,after_student_forward,44484788224,40
26842689536,after_KL,44484788224,40
32147866112,after_backward,44484788224,40
25721580032,after_optimizer_step,44484788224,41
25721576960,before_forward,44484788224,41
25770570752,after_teacher_forward,44484788224,41
26561945600,after_student_forward,44484788224,41
26659936256,after_KL,44484788224,41
32162197504,after_backward,44484788224,41
25721575424,after_optimizer_step,44484788224,42
25721594368,before_forward,44484788224,42
25814708224,after_teacher_forward,44484788224,42
27103939072,after_student_forward,44484788224,42
27290171392,after_KL,44484788224,42
32147616256,after_backward,44484788224,42
25721592320,after_optimizer_step,44484788224,43
25721575424,before_forward,44484788224,43
25765182464,after_teacher_forward,44484788224,43
26503742976,after_student_forward,44484788224,43
26590960128,after_KL,44484788224,43
32150252032,after_backward,44484788224,43
25721573888,after_optimizer_step,44484788224,44
25721594368,before_forward,44484788224,44
25785978880,after_teacher_forward,44484788224,44
27103614976,after_student_forward,44484788224,44
27232387584,after_KL,44484788224,44
32148664832,after_backward,44484788224,44
25721592320,after_optimizer_step,44484788224,45
25721584640,before_forward,44484788224,45
25774939136,after_teacher_forward,44484788224,45
26822042112,after_student_forward,44484788224,45
26928754688,after_KL,44484788224,45
32147607040,after_backward,44484788224,45
25721583104,after_optimizer_step,44484788224,46
25721573376,before_forward,44484788224,46
25741068288,after_teacher_forward,44484788224,46
26441125376,after_student_forward,44484788224,46
26480117760,after_KL,44484788224,46
32153854976,after_backward,44484788224,46
25721572352,after_optimizer_step,44484788224,47
25721584640,before_forward,44484788224,47
25756983296,after_teacher_forward,44484788224,47
26780261376,after_student_forward,44484788224,47
26851061760,after_KL,44484788224,47
32147607040,after_backward,44484788224,47
25721583104,after_optimizer_step,44484788224,48
25721592832,before_forward,44484788224,48
25748855808,after_teacher_forward,44484788224,48
27015361536,after_student_forward,44484788224,48
27068718592,after_KL,44484788224,48
32147614720,after_backward,44484788224,48
25721590784,after_optimizer_step,44484788224,49
25721567232,before_forward,44484788224,49
25734150144,after_teacher_forward,44484788224,49
26245200384,after_student_forward,44484788224,49
26270340608,after_KL,44484788224,49
32147590144,after_backward,44484788224,49
25721566208,after_optimizer_step,44484788224,50
25721578496,before_forward,44484788224,50
25774676480,after_teacher_forward,44484788224,50
26598951424,after_student_forward,44484788224,50
26705150976,after_KL,44484788224,50
32169752064,after_backward,44484788224,50
25721576960,after_optimizer_step,44484788224,51
25721581568,before_forward,44484788224,51
25747232768,after_teacher_forward,44484788224,51
26670089216,after_student_forward,44484788224,51
26721394176,after_KL,44484788224,51
32148554240,after_backward,44484788224,51
25721580032,after_optimizer_step,44484788224,52
25721568768,before_forward,44484788224,52
25742540288,after_teacher_forward,44484788224,52
26333737472,after_student_forward,44484788224,52
26374268928,after_KL,44484788224,52
32151785984,after_backward,44484788224,52
25721567744,after_optimizer_step,44484788224,53
25721583104,before_forward,44484788224,53
25774937600,after_teacher_forward,44484788224,53
26736157696,after_student_forward,44484788224,53
26842870272,after_KL,44484788224,53
32147769344,after_backward,44484788224,53
25721581568,after_optimizer_step,44484788224,54
25721576960,before_forward,44484788224,54
25750562816,after_teacher_forward,44484788224,54
26534225920,after_student_forward,44484788224,54
26592200192,after_KL,44484788224,54
32160870400,after_backward,44484788224,54
25721575424,after_optimizer_step,44484788224,55
25721584640,before_forward,44484788224,55
25755700736,after_teacher_forward,44484788224,55
26766569472,after_student_forward,44484788224,55
26834804736,after_KL,44484788224,55
32147607040,after_backward,44484788224,55
25721583104,after_optimizer_step,44484788224,56
25721571840,before_forward,44484788224,56
25752866304,after_teacher_forward,44484788224,56
26395653632,after_student_forward,44484788224,56
26458245120,after_KL,44484788224,56
32151150080,after_backward,44484788224,56
25721570816,after_optimizer_step,44484788224,57
25721565696,before_forward,44484788224,57
25740547584,after_teacher_forward,44484788224,57
26240239616,after_student_forward,44484788224,57
26278205952,after_KL,44484788224,57
32153486848,after_backward,44484788224,57
25721564672,after_optimizer_step,44484788224,58
25721580032,before_forward,44484788224,58
25762365440,after_teacher_forward,44484788224,58
26665308672,after_student_forward,44484788224,58
26746882560,after_KL,44484788224,58
32148749312,after_backward,44484788224,58
25721578496,after_optimizer_step,44484788224,59
25721584640,before_forward,44484788224,59
25752622592,after_teacher_forward,44484788224,59
26794929152,after_student_forward,44484788224,59
26857007616,after_KL,44484788224,59
32147607040,after_backward,44484788224,59
25721583104,after_optimizer_step,44484788224,60
25721580032,before_forward,44484788224,60
25749796352,after_teacher_forward,44484788224,60
26667855872,after_student_forward,44484788224,60
26724291072,after_KL,44484788224,60
32148651008,after_backward,44484788224,60
25721578496,after_optimizer_step,44484788224,61
25721573376,before_forward,44484788224,61
25755432960,after_teacher_forward,44484788224,61
26476815872,after_student_forward,44484788224,61
26544538112,after_KL,44484788224,61
32148825088,after_backward,44484788224,61
25721572352,after_optimizer_step,44484788224,62
25721580032,before_forward,44484788224,62
25745435648,after_teacher_forward,44484788224,62
26614298112,after_student_forward,44484788224,62
26662011904,after_KL,44484788224,62
32149339136,after_backward,44484788224,62
25721578496,after_optimizer_step,44484788224,63
25721608704,before_forward,44484788224,63
25832165376,after_teacher_forward,44484788224,63
27547533312,after_student_forward,44484788224,63
27768651776,after_KL,44484788224,63
32147630080,after_backward,44484788224,63
25721606144,after_optimizer_step,44484788224,64
25721624576,before_forward,44484788224,64
25817047040,after_teacher_forward,44484788224,64
27974504448,after_student_forward,46036680704,64
28165353984,after_KL,46036680704,64
32148825088,after_backward,47588573184,64
25721621504,after_optimizer_step,47588573184,65
25721570304,before_forward,47588573184,65
25748833280,after_teacher_forward,47588573184,65
26351290880,after_student_forward,47588573184,65
26404134912,after_KL,47588573184,65
32149067776,after_backward,47588573184,65
25721569280,after_optimizer_step,47588573184,66
25721575424,before_forward,47588573184,66
25746200576,after_teacher_forward,47588573184,66
26484426240,after_student_forward,47588573184,66
26533679104,after_KL,47588573184,66
32150252032,after_backward,47588573184,66
25721573888,after_optimizer_step,47588573184,67
25721575424,before_forward,47588573184,67
25752869888,after_teacher_forward,47588573184,67
26525173248,after_student_forward,47588573184,67
26587764736,after_KL,47588573184,67
32158214656,after_backward,47588573184,67
25721573888,after_optimizer_step,47588573184,68
25721575424,before_forward,47588573184,68
25750304768,after_teacher_forward,47588573184,68
26516929024,after_student_forward,47588573184,68
26574390272,after_KL,47588573184,68
32156887552,after_backward,47588573184,68
25721573888,after_optimizer_step,47588573184,69
25721573376,before_forward,47588573184,69
25742544896,after_teacher_forward,47588573184,69
26469409792,after_student_forward,47588573184,69
26510454272,after_KL,47588573184,69
32147596288,after_backward,47588573184,69
25721572352,after_optimizer_step,47588573184,70
25721584640,before_forward,47588573184,70
25747235840,after_teacher_forward,47588573184,70
26770513920,after_student_forward,47588573184,70
26821818880,after_KL,47588573184,70
32147607040,after_backward,47588573184,70
25721583104,after_optimizer_step,47588573184,71
25721588224,before_forward,47588573184,71
25788024832,after_teacher_forward,47588573184,71
26889783296,after_student_forward,47588573184,71
27022660608,after_KL,47588573184,71
32156162560,after_backward,47588573184,71
25721586176,after_optimizer_step,47588573184,72
25721586176,before_forward,47588573184,72
25770323456,after_teacher_forward,47588573184,72
26827017728,after_student_forward,47588573184,72
26924495360,after_KL,47588573184,72
32147608576,after_backward,47588573184,72
25721584640,after_optimizer_step,47588573184,73
25721570304,before_forward,47588573184,73
25753121280,after_teacher_forward,47588573184,73
26349949440,after_student_forward,47588573184,73
26413053952,after_KL,47588573184,73
32149903360,after_backward,47588573184,73
25721569280,after_optimizer_step,47588573184,74
25721597440,before_forward,47588573184,74
25800859648,after_teacher_forward,47588573184,74
27176686592,after_student_forward,47588573184,74
27335215104,after_KL,47588573184,74
32163479040,after_backward,47588573184,74
25721595392,after_optimizer_step,47588573184,75
25721581568,before_forward,47588573184,75
25765188608,after_teacher_forward,47588573184,75
26712021504,after_student_forward,47588573184,75
26799238656,after_KL,47588573184,75
32148062720,after_backward,47588573184,75
25721580032,after_optimizer_step,47588573184,76
25721575424,before_forward,47588573184,76
25760052224,after_teacher_forward,47588573184,76
26509637120,after_student_forward,47588573184,76
26586593792,after_KL,47588573184,76
32152906240,after_backward,47588573184,76
25721573888,after_optimizer_step,47588573184,77
25721591296,before_forward,47588573184,77
25770328576,after_teacher_forward,47588573184,77
26991385600,after_student_forward,47588573184,77
27088863232,after_KL,47588573184,77
32147613184,after_backward,47588573184,77
25721589248,after_optimizer_step,47588573184,78
25721584640,before_forward,47588573184,78
25767756800,after_teacher_forward,47588573184,78
26819654656,after_student_forward,47588573184,78
26912002048,after_KL,47588573184,78
32147607040,after_backward,47588573184,78
25721583104,after_optimizer_step,47588573184,79
25721580032,before_forward,47588573184,79
25756722176,after_teacher_forward,47588573184,79
26636944896,after_student_forward,47588573184,79
26707232256,after_KL,47588573184,79
32149142528,after_backward,47588573184,79
25721578496,after_optimizer_step,47588573184,80
25721583104,before_forward,47588573184,80
25768781312,after_teacher_forward,47588573184,80
26734796288,after_student_forward,47588573184,80
26829195776,after_KL,47588573184,80
32147671040,after_backward,47588573184,80
25721581568,after_optimizer_step,47588573184,81
25721583104,before_forward,47588573184,81
25804436480,after_teacher_forward,47588573184,81
26770451456,after_student_forward,47588573184,81
26936162816,after_KL,47588573184,81
32147671040,after_backward,47588573184,81
25721581568,after_optimizer_step,47588573184,82
25721581568,before_forward,47588573184,82
25780579328,after_teacher_forward,47588573184,82
26703435776,after_student_forward,47588573184,82
26821434880,after_KL,47588573184,82
32148554240,after_backward,47588573184,82
25721580032,after_optimizer_step,47588573184,83
25721578496,before_forward,47588573184,83
25749538304,after_teacher_forward,47588573184,83
26590262784,after_student_forward,47588573184,83
26646184960,after_KL,47588573184,83
32173291008,after_backward,47588573184,83
25721576960,after_optimizer_step,47588573184,84
25721583104,before_forward,47588573184,84
25788019712,after_teacher_forward,47588573184,84
26787526656,after_student_forward,47588573184,84
26920403968,after_KL,47588573184,84
32147605504,after_backward,47588573184,84
25721581568,after_optimizer_step,47588573184,85
25721580032,before_forward,47588573184,85
25754670080,after_teacher_forward,47588573184,85
26623532544,after_student_forward,47588573184,85
26689715712,after_KL,47588573184,85
32149339136,after_backward,47588573184,85
25721578496,after_optimizer_step,47588573184,86
25721575424,before_forward,47588573184,86
25769799680,after_teacher_forward,47588573184,86
26525064704,after_student_forward,47588573184,86
26621516288,after_KL,47588573184,86
32154233344,after_backward,47588573184,86
25721573888,after_optimizer_step,47588573184,87
25721610240,before_forward,47588573184,87
25854483456,after_teacher_forward,47588573184,87
27620994560,after_student_forward,47588573184,87
27886747136,after_KL,47588573184,87
32147631616,after_backward,47588573184,87
25721607680,after_optimizer_step,47588573184,88
25721570304,before_forward,47588573184,88
25736704512,after_teacher_forward,47588573184,88
26333532672,after_student_forward,47588573184,88
26363803136,after_KL,47588573184,88
32149739520,after_backward,47588573184,88
25721569280,after_optimizer_step,47588573184,89
25721583104,before_forward,47588573184,89
25763138048,after_teacher_forward,47588573184,89
26751508992,after_student_forward,47588573184,89
26834621952,after_KL,47590670336,89
32147605504,after_backward,47590670336,89
25721581568,after_optimizer_step,47590670336,90
25721578496,before_forward,47590670336,90
25753129472,after_teacher_forward,47590670336,90
26599337472,after_student_forward,47590670336,90
26662441984,after_KL,47590670336,90
32173405696,after_backward,47590670336,90
25721576960,after_optimizer_step,47590670336,91
25721589760,before_forward,47590670336,91
25807008256,after_teacher_forward,47590670336,91
26983239680,after_student_forward,47590670336,91
27154081280,after_KL,47590670336,91
32150413312,after_backward,47590670336,91
25721587712,after_optimizer_step,47590670336,92
25721583104,before_forward,47590670336,92
25778015744,after_teacher_forward,47590670336,92
26771843072,after_student_forward,47590670336,92
26884711936,after_KL,47590670336,92
32147605504,after_backward,47590670336,92
25721581568,after_optimizer_step,47590670336,93
25721571840,before_forward,47590670336,93
25751583744,after_teacher_forward,47590670336,93
26404713984,after_student_forward,47590670336,93
26464740352,after_KL,47590670336,93
32149511680,after_backward,47590670336,93
25721570816,after_optimizer_step,47590670336,94
25721576960,before_forward,47590670336,94
25761336320,after_teacher_forward,47590670336,94
26544999424,after_student_forward,47590670336,94
26624521216,after_KL,47590670336,94
32160870400,after_backward,47590670336,94
25721575424,after_optimizer_step,47590670336,95
25721568768,before_forward,47590670336,95
25742540288,after_teacher_forward,47590670336,95
26311217664,after_student_forward,47590670336,95
26352262144,after_KL,47590670336,95
32153883136,after_backward,47590670336,95
25721567744,after_optimizer_step,47590670336,96
25721567232,before_forward,47590670336,96
25732853760,after_teacher_forward,47590670336,96
26255262208,after_student_forward,47590670336,96
26277837312,after_KL,47590670336,96
32147590144,after_backward,47590670336,96
25721566208,after_optimizer_step,47590670336,97
25721581568,before_forward,47590670336,97
25750567424,after_teacher_forward,47590670336,97
26706991104,after_student_forward,47590670336,97
26764965376,after_KL,47590670336,97
32147866112,after_backward,47590670336,97
25721580032,after_optimizer_step,47590670336,98
25721573376,before_forward,47590670336,98
25748836352,after_teacher_forward,47590670336,98
26470235648,after_student_forward,47590670336,98
26523592704,after_KL,47590670336,98
32148628480,after_backward,47590670336,98
25721572352,after_optimizer_step,47590670336,99
25721589760,before_forward,47590670336,99
25780844032,after_teacher_forward,47590670336,99
26957075456,after_student_forward,47590670336,99
27075587584,after_KL,47590670336,99
32150413312,after_backward,47590670336,99
25721587712,after_optimizer_step,47590670336,100
25721592832,before_forward,47590670336,100
25800085504,after_teacher_forward,47590670336,100
27055228928,after_student_forward,47590670336,100
27212218368,after_KL,47590670336,100
32147614720,after_backward,47590670336,100
25721590784,after_optimizer_step,47590670336,101
